	prefixed_FIN	post_FIN	prefixed-Ás	prefixed-(O)(t)t	prefixed-ni_without_inter_aux	prefixed-Ó	prev-ni_with_inter_aux	prefixed-vA_simple	prefixed-tAl	prefixed-hAtÓ	prefixed-i	prefixed-(A)n	prev_FIN	prefixed-sÁg	prefixed-hAtAtlAn	post-hAtÓ	prefixed-vA_passive	prefixed-ÓlAg	prev-vA_passive	prefixed-AndÓ	prefixed-Ú	prefixed-tA	prefixed-(A)tlAn	prefixed_leg-...-bb	prefixed-(V)s	prefixed-Ul	prev-(O)(t)t	prefixed-Ós	prefixed-bb	post-vA_simple	prev-hAtÓ	prev-Ó	prefixed-vÁn_simple	prev-ni_without_inter_aux	no_hogy_FIN	hogy_FIN	post-ni_without_inter_aux	prefixed-tAlAn	prev-Ás	prefixed-nivaló	prev-AndÓ	prev-vA_simple	post-AndÓ	prefixed-szerű	prefixed-beli/béli	post-ni_with_inter_aux	prefixed-(O)nként	prefixed-sdi	post-vÁn_simple	prev-(A)n	prev-i	prev-sÁg	prefixed-ilAg	-ni_aux_topicalization	prev-tAl	-ni_FIN_topicalization	prefixed-féle	prev-vÁn_simple	prefixed-nyi	prefixed-hAtnék	prefixed-fajta	no_hogy-vA_passive	hogy-vA_passive	prefixed-vÁst	prefixed-(V)cskA	prev-tA	no_hogy-ni	prefixed_leg-...-bbik	prefixed-szerűség	hogy-ni	prefixed-stUl/-stÓl	prev-Ós	-vA_passive_topicalization	prev-hAtAtlAn	prefixed-féleség	prev_leg-...-bb	prefixed-belileg	prefixed-bbik	prev-(A)tlAn	prefixed-vÁn_passive	prefixed-forma	prev-nivaló	prev-bb	prev-Ul	post-bb	hogy-hAtÓ	hogy-Ás	hogy-(O)(t)t	hogy_double_conj	no_hogy-hAtÓ	no_hogy_double_conj	no_hogy-ni_conj	prev-sdi	prev-ÓlAg
meg	3653584	2067862	1834275	643429	716783	541245	286335	91564	16397	134387	44292	160459	107294	24416	32281	38027	19982	5312	21078	24268	5193	2520	13435	9435	3586	4468	8834	628	2243	2697	1619	2447	2800	2958	2675	2808	2250	10	1539	351	34	752	367	634	227	46	45	63	108	75	250	107	37	60	21	34	38	29	5	7	5	4	3	1	1	9	6	3	7	4	0	1	5	3	1	1	0	0	0	0	0	0	1	0	0	1	1	0	0	0	0	0	0	0
el	2386639	1389865	1090672	812098	461222	201703	159074	65372	4223	157568	58350	35399	56187	45569	70690	31263	17842	369	12735	21670	18104	6744	2125	8138	391	6269	2409	561	2373	1200	1615	1454	1604	667	1357	1346	441	4	486	546	19	188	159	15	219	16	97	52	72	39	4	80	48	55	2	27	10	14	2	5	21	2	0	0	2	1	5	4	0	4	2	4	0	1	1	2	0	1	0	2	1	2	0	1	2	0	0	0	0	0	0	0	0	0
ki	1387195	1109826	1016347	471492	307272	244661	105136	95472	83450	38238	55689	103593	33739	36557	17107	12609	22618	69509	15039	8762	11850	384	9594	9170	7468	4933	2750	4970	3895	1485	765	257	974	459	499	557	544	6473	246	1746	12	172	165	82	126	44	58	288	72	29	1	22	24	19	2	14	5	8	13	8	7	2	5	4	8	0	3	8	1	3	2	1	3	0	0	0	0	2	2	0	0	0	0	1	0	0	0	0	0	0	0	0	0	0
fel/föl	957721	699244	858342	253691	226077	152822	66217	54906	237138	37980	69568	36541	20982	21341	7249	9783	14002	7896	8629	4123	14396	301	3320	2052	517	1828	2529	698	537	1013	749	213	851	265	312	352	294	0	199	146	7	157	64	47	338	18	214	41	61	11	1	16	45	15	87	11	6	9	19	2	4	6	7	1	2	0	2	0	2	0	4	1	0	0	2	0	3	0	0	0	0	0	0	0	0	0	0	0	0	0	1	1	0	0
be/bé	930634	714179	775121	270922	216542	189462	69839	28412	99436	29250	103215	3731	23876	6057	6210	7823	13583	1631	10760	7047	8495	5634	5308	2594	6534	768	2555	3579	306	526	293	507	572	278	686	484	201	6	1717	202	8	122	68	28	22	19	93	57	33	23	19	10	31	17	0	12	4	4	2	2	4	4	3	3	6	2	2	0	0	2	3	2	0	1	0	0	0	0	0	0	0	0	0	0	0	0	0	0	0	0	0	0	0	0
le	733055	351924	291222	143840	139568	75576	52448	38877	3052	29156	15773	2863	17979	5680	5089	5535	7328	52	10760	6009	1678	22779	891	298	358	582	894	684	98	372	394	110	438	249	262	222	143	275	57	80	6	69	19	8	5	10	37	52	20	3	3	5	19	18	5	7	7	0	5	3	0	0	1	0	0	0	0	0	0	0	1	0	1	1	1	0	0	0	1	0	0	0	0	0	0	0	0	1	0	0	0	0	0	0
át	287753	218125	218787	50453	64961	77371	25698	16517	16813	10658	18206	3057	5044	10809	4949	1480	1292	6	984	1347	391	26	1728	896	672	454	423	501	248	284	320	88	188	65	147	143	102	0	43	27	2	46	9	8	2	3	10	30	20	6	1	6	5	5	18	3	0	1	5	0	2	0	0	0	0	0	2	0	0	1	0	0	0	0	0	0	0	0	0	0	0	0	0	0	0	0	0	0	0	0	0	0	0	0
össze	206928	160548	264143	68131	44276	52833	13739	23679	24611	11855	9844	3722	3611	8920	4789	3577	2843	45	2338	924	1938	16	174	528	76	1263	91	287	2006	146	790	485	148	44	63	62	59	310	41	3	6	12	632	24	15	3	9	29	6	24	0	10	11	0	0	2	0	0	1	1	0	1	1	1	0	0	0	0	0	0	2	0	0	0	0	1	0	0	0	0	0	0	0	0	0	0	0	0	0	0	0	0	0	0
vissza	305613	160577	169377	28916	59381	33459	27653	19116	1479	6557	6721	3775	6399	1747	3350	7016	436	4966	414	1397	39	592	16	222	162	1097	233	214	13	202	326	437	368	140	151	148	144	0	83	11	2968	43	18	141	0	45	0	16	8	3	6	5	0	3	1	0	3	1	1	3	2	0	0	2	0	0	0	1	1	0	0	0	0	0	0	0	0	0	0	0	0	0	0	0	0	0	0	0	0	1	0	0	0	0
elő	165952	168162	281452	60879	28356	50196	7322	2824	3204	3312	18049	235	1719	525	34	1332	1334	1	920	795	348	10	565	4	1722	141	49	2644	2	264	32	52	66	26	25	36	26	0	2	1	1	3	6	101	14	0	139	0	16	0	0	1	2	0	0	2	3	0	2	1	2	2	0	0	2	0	0	0	5	0	0	0	0	0	0	0	0	0	0	0	0	0	0	0	0	0	0	0	0	0	0	0	0	0
hozzá	191158	156825	127135	7096	28472	3932	14421	18897	51	12013	9499	151	1822	1695	459	525	926	3857	739	123	360	4	0	3	56	14	33	10	4	216	38	53	42	77	280	107	0	0	7	477	0	5	3	0	35	0	22	1	14	2	0	0	7	0	0	0	0	0	9	3	0	1	0	0	0	0	0	0	1	1	0	0	0	0	0	0	0	0	0	0	0	0	0	0	0	0	0	0	0	0	0	0	0	0
rá/reá	178042	143392	149948	10210	30755	10527	13172	4464	10	876	1308	536	4861	2971	2	446	2131	7	2490	60	74	4	1	1130	765	2	32	1117	204	312	12	49	101	200	137	104	0	0	3	2	0	34	1	8	100	0	0	2	16	0	1	1	0	1	0	1	2	0	1	4	0	2	1	6	0	0	0	1	0	0	0	0	0	0	0	0	0	0	0	0	0	0	0	0	0	0	0	0	0	0	0	0	0	0
bele/belé	147877	74821	12538	6714	27786	1932	9626	30408	4	359	727	139	3819	29	3	221	925	15	1465	386	2	0	0	0	21	1	62	147	6	75	11	37	87	89	78	121	72	0	21	8	0	31	28	0	0	1	0	0	6	0	0	0	5	3	0	2	1	1	0	3	0	1	2	0	0	0	0	0	0	0	0	0	0	0	0	0	0	0	0	0	0	0	0	0	0	0	0	0	0	0	0	0	0	0
létre	46937	94322	46400	32091	15580	16533	3194	1329	859	806	327	2	597	8	4	596	96	0	17	1787	0	7715	0	0	0	0	14	0	0	362	6	13	31	6	8	10	16	0	2	0	5	0	11	0	0	0	0	0	4	0	0	0	0	0	0	0	0	0	0	0	0	0	0	0	0	7	0	0	0	0	0	0	0	0	0	0	0	0	0	0	0	0	0	0	0	0	0	0	0	0	0	0	0	0
fenn/fönn	40126	27684	56184	11198	9862	22559	3755	2550	0	15249	3929	108	246	3710	1031	970	572	0	21	171	1900	47	1	12	47	27	5	0	6	37	9	7	16	10	10	29	8	12	13	0	0	0	4	0	0	0	0	0	6	1	0	0	2	0	0	1	0	0	0	2	0	0	0	0	0	1	0	0	0	0	0	0	0	0	0	0	0	0	0	0	0	0	0	0	0	0	0	0	0	0	0	0	0	0
részt	77452	75982	94	2945	5919	14603	4509	74	30	7	13621	16	606	1	0	0	0	0	0	5	0	0	0	0	0	0	22	754	2	2	0	185	10	14	28	31	10	0	0	0	0	2	0	0	0	0	4	0	1	0	0	0	0	0	5	0	0	0	0	0	0	0	0	0	0	0	0	0	0	0	0	0	0	0	0	0	0	0	0	0	0	0	0	0	0	0	0	0	0	0	0	0	0	0
alá	43356	48099	37591	15522	9750	8135	2455	2053	2	544	1570	268	2043	1483	14	230	1490	0	859	510	221	0	49	4	93	9	173	31	31	66	65	635	13	24	8	23	0	0	34	7	3	9	2	1	2	0	6	6	4	3	1	4	2	0	0	2	0	1	3	0	0	0	0	0	1	0	0	0	0	0	1	0	0	0	0	0	0	0	0	0	0	0	0	0	0	0	0	0	0	0	0	0	0	0
tovább	26924	64011	34093	5924	7922	4683	9713	1578	985	456	2719	23	2132	39	8	822	36	8	35	83	2	3	1	0	8	0	8	20	0	77	555	32	9	269	22	19	738	0	4	0	4	11	4	0	0	306	0	0	4	0	0	0	1	1	0	0	0	0	0	0	0	0	0	0	0	0	0	0	0	0	0	0	0	0	0	0	0	0	0	0	0	0	0	0	0	0	0	0	0	0	0	0	0	0
oda	67187	39397	11485	5719	12167	3939	8934	1067	3	256	386	363	3115	37	2	100	411	11	754	107	0	15	0	127	2	0	49	94	46	28	11	506	51	121	40	27	201	0	112	4	0	34	1	0	0	15	0	1	5	20	0	4	0	2	0	0	0	0	0	0	0	0	0	0	0	0	0	0	0	0	0	2	0	0	0	1	0	0	0	0	0	0	1	0	0	0	0	0	0	0	0	0	0	0
végre	9632	32418	56467	9997	12155	11310	2842	308	0	2671	14791	5	555	470	495	496	116	1	44	1882	23	0	12	0	2	4	42	0	2	27	14	8	2	14	3	7	6	0	50	2	2	1	14	0	2	0	0	12	0	0	1	0	3	0	0	0	0	0	0	0	0	0	0	0	0	0	0	0	0	0	0	0	0	0	0	0	0	0	0	0	0	0	0	0	0	0	0	0	0	0	0	0	0	0
túl	46105	27260	25894	9119	8798	10819	3262	2849	0	344	3831	10534	1803	2772	39	120	462	102	1097	7	28	2	1	37	572	0	15	153	2	73	40	84	29	287	13	20	56	0	1	1	1	19	0	1	0	5	0	0	0	0	0	0	0	0	0	0	0	1	0	0	0	0	0	0	0	0	0	0	0	0	0	0	0	0	0	0	0	0	0	0	0	0	0	0	0	0	0	0	0	0	0	0	0	0
előre	12648	25490	54420	10612	3860	6595	2703	1593	254	888	974	1937	14190	145	83	266	50	3510	47	12	2	2071	0	119	9	5	332	76	81	88	1091	15	31	75	16	5	345	0	3	0	0	14	1	0	0	187	0	0	3	16	0	3	0	0	0	0	0	0	0	2	0	0	0	0	0	0	0	0	0	0	0	0	0	0	0	0	0	0	0	0	0	0	0	0	0	0	0	0	0	0	0	0	0	0
együtt	10567	7602	91507	384	5751	217	2825	6819	0	3	17594	28	127	28	0	1	85	0	0	0	6	0	0	7	24	0	0	7	0	3	1	59	1	21	19	57	15	0	36	1	0	0	0	0	3	1	0	1	0	0	0	0	0	0	0	0	0	0	0	0	0	0	0	0	0	0	0	0	0	0	0	0	0	0	0	0	0	0	0	0	0	0	0	0	0	0	0	0	0	0	0	0	0	0
egyet	72992	26065	22226	491	3016	868	3758	1681	0	0	1528	266	1048	0	0	0	1	174	3	0	0	0	0	1	4	0	6	1	0	7	0	176	12	40	152	170	3	0	572	1	0	17	0	1	0	0	0	0	5	2	3	0	0	0	0	0	1	0	0	0	0	0	0	0	0	0	0	0	1	1	0	0	0	0	0	0	0	0	0	0	0	0	0	0	0	0	0	0	0	0	0	0	0	0
szét	43834	21127	21148	10884	7391	4469	2486	2923	0	1695	298	722	800	1148	242	200	460	1	640	89	5	3	4	20	30	132	17	55	9	67	35	5	21	6	6	3	26	0	7	4	1	2	1	1	0	0	0	0	0	0	0	0	7	2	0	0	0	0	0	0	0	0	0	0	0	0	0	0	0	0	0	1	0	0	0	0	0	0	0	0	0	0	0	0	0	0	0	0	0	0	0	0	0	0
haza	45918	37370	11253	4114	6778	3340	3239	3101	968	223	379	7	1673	3	0	179	42	0	16	24	0	297	0	0	3	0	6	66	0	10	8	2	192	27	28	12	98	0	1	0	0	1	0	0	0	125	0	1	2	0	0	0	0	0	1	0	0	0	0	2	1	0	0	1	0	1	0	0	0	0	0	1	0	0	0	0	0	0	0	0	0	0	0	0	0	0	0	0	0	0	0	0	0	0
újra	24815	17154	33033	5262	7280	450	8414	2051	0	1729	1561	2	394	134	8	175	74	0	129	154	0	2	3	0	12	0	12	25	0	68	28	3	11	392	22	5	231	0	1	2	0	0	1	0	0	43	2	2	0	0	0	1	0	0	0	0	0	0	1	2	0	0	0	0	0	0	0	0	0	0	0	0	0	0	0	0	0	0	0	0	0	0	0	0	0	0	0	0	0	0	0	0	0	0
végig	42152	25692	1677	1593	11532	2321	5663	2693	465	514	12	19	648	54	14	74	198	0	70	69	0	2	161	2	3	22	35	1	0	54	4	4	43	41	37	20	94	0	3	4	0	18	0	0	0	10	0	0	2	0	0	4	0	1	0	0	0	0	0	1	0	0	0	1	0	0	0	0	0	0	0	0	0	0	0	0	0	0	0	0	0	0	0	0	0	0	0	0	0	0	0	0	0	0
észre	19918	27744	50	109	4045	24	1889	136	21654	23	2	946	4760	14	445	231	0	11	6	1	0	0	0	15	0	106	12	3	6	17	24	0	13	87	16	20	83	0	2	3	0	50	0	0	0	0	0	0	4	2	0	0	0	0	10	0	0	1	0	0	0	0	0	0	0	0	0	0	0	0	0	1	0	0	0	0	0	0	0	0	0	0	0	0	0	0	0	0	0	0	0	0	1	0
neki	21316	49429	2068	1288	2179	281	1433	432	0	0	12	48	1079	7	0	7	8	0	52	0	5	1	0	1	15	0	7	7	0	135	1	4	6	151	5	3	0	0	1	1	0	0	1	0	0	0	0	0	20	0	0	0	0	0	0	0	0	0	1	0	0	0	0	1	0	0	0	0	0	0	0	0	0	0	0	0	0	0	0	0	0	0	0	0	0	0	0	0	0	0	0	0	0	0
ide	15560	34762	669	1326	2960	5555	1993	5730	83	193	7	56	1220	5	0	163	83	11	179	43	1	15	0	0	0	0	6	1	0	31	12	101	11	140	16	18	200	0	4	0	6	432	26	0	0	16	0	0	0	2	0	0	0	0	0	0	0	5	0	1	0	0	0	0	0	0	0	0	0	0	0	0	0	0	0	0	0	0	0	0	0	0	0	0	0	0	0	0	0	0	0	0	0	0
félre	19027	6988	17148	3505	3013	4334	1398	2659	85	2201	57	434	710	143	1079	36	99	1	259	15	0	0	0	45	17	855	2	28	20	5	71	2	14	10	7	7	3	0	2	0	1	2	0	0	0	1	0	9	0	16	0	0	0	0	0	1	0	0	0	0	0	0	0	0	0	0	0	0	0	0	0	0	0	0	0	0	0	0	0	0	0	0	0	0	0	0	0	0	0	0	0	0	0	0
ott	10131	35107	80	701	1176	93	3838	277	0	6	1	0	6780	1	3	9	10	0	16	2	0	0	0	0	0	0	20	0	0	15	6	17	21	103	76	10	153	0	0	0	2	4	0	0	0	9	0	0	9	0	0	0	0	0	0	0	0	0	0	0	0	0	0	0	0	0	0	0	0	0	0	0	0	0	0	0	0	0	0	0	0	0	0	0	0	0	0	0	0	0	0	0	0	0
közzé	11704	17888	1	13902	2030	289	1204	550	8386	80	12	0	288	0	0	102	47	0	33	333	0	1	0	0	0	0	14	0	0	4	2	0	0	4	2	2	6	0	0	0	0	0	0	0	0	0	0	0	0	0	0	0	0	0	1	0	0	0	0	0	0	0	0	0	0	0	0	0	0	0	0	0	0	0	0	0	0	0	0	0	0	0	0	0	0	0	0	0	0	0	0	0	0	0
jóvá	16231	8159	15618	6694	1505	1299	1023	142	1563	116	988	25	317	7	610	69	67	89	37	123	3	0	3	0	4	170	0	0	3	0	12	0	4	1	0	3	0	0	1	3	0	0	0	0	0	0	0	0	0	1	0	0	1	0	0	0	0	0	0	1	0	0	0	0	0	0	0	0	0	0	0	0	0	0	0	0	0	0	0	0	0	0	0	0	0	0	0	0	0	0	0	0	0	0
véget	26172	20747	32	980	522	574	1766	263	0	0	0	0	1325	0	3	0	0	0	1	2	0	29	0	0	0	2	6	0	0	13	1	791	9	3	13	13	3	0	1	0	0	1	0	0	0	0	0	0	0	29	0	0	0	0	0	0	0	0	0	0	0	0	0	0	0	0	0	0	0	0	0	0	0	0	0	0	0	0	0	0	0	0	0	0	0	0	0	0	1	0	0	0	0	0
körül	12989	14642	4177	3949	2503	5844	928	1257	0	990	54	2453	237	57	30	35	555	1	237	8	2	0	73	76	14	3	18	6	287	10	8	1	18	22	4	1	35	0	0	0	0	3	0	1	0	1	0	0	2	0	0	0	0	0	0	0	0	0	1	0	0	0	0	0	0	0	0	0	0	0	0	0	0	0	0	0	0	0	0	0	0	0	0	0	0	0	0	0	0	0	0	0	0	0
helyre	11521	4316	20782	852	4538	842	2238	169	388	504	2458	5	302	18	515	210	49	1	49	67	0	21	2	0	1	125	0	0	1	5	17	0	10	13	3	7	23	0	0	3	0	0	0	0	0	0	0	0	0	0	0	0	1	0	0	0	0	0	0	0	0	0	0	0	0	0	0	0	0	0	0	0	0	1	0	0	0	0	0	0	0	0	0	0	0	0	0	0	0	0	0	0	0	0
közre	17439	6501	17809	2090	969	3559	165	229	0	14	424	3	61	2	0	3	4	0	1	9	3	0	1	2	1	0	1	2	0	6	2	3	6	0	0	1	2	0	3	0	0	0	0	0	0	0	0	1	2	0	0	0	0	0	0	0	0	0	0	0	0	0	0	0	0	0	0	0	0	0	0	0	0	0	0	0	0	0	0	0	0	0	0	0	0	0	0	0	0	0	0	0	0	0
szembe	13595	11390	3459	846	9209	2076	4701	1184	46	157	10	567	168	4	0	91	29	2	12	5	0	0	0	1129	8	0	0	8	184	21	1	3	13	9	35	43	13	0	5	2	0	1	4	0	0	0	0	5	2	0	0	0	0	0	0	0	0	2	0	0	0	0	0	0	0	0	0	0	0	1	0	0	0	0	0	1	0	0	0	0	0	0	0	0	0	0	0	0	0	0	0	0	0	0
felül/fölül	17603	7598	1519	1781	4067	2319	3942	1075	0	314	63	171	244	57	606	45	39	0	51	101	4	3	6	0	4	51	9	13	2	6	3	7	14	20	2	13	2	0	0	0	0	4	0	0	0	0	0	0	0	0	0	0	0	0	0	0	0	0	0	0	0	0	0	0	0	0	0	0	0	0	0	0	0	0	0	0	0	0	0	0	0	0	0	0	0	0	0	0	0	0	0	0	0	0
nyilván	1286	4861	26258	3357	520	763	135	52	0	48	2883	2	40	8	0	16	425	0	68	16	16	0	1	0	3	0	4	0	0	0	3	0	0	0	0	0	1	0	0	0	0	0	0	1	4	0	2	0	0	0	0	0	2	0	0	0	0	0	0	0	0	0	0	0	0	0	0	0	0	0	0	0	0	0	0	0	0	0	0	0	0	0	0	0	0	0	0	0	0	0	0	0	0	0
közbe	6731	3933	24325	608	783	516	411	146	14	5	6	6	164	0	0	0	8	300	9	4	0	88	0	0	23	0	0	3	0	2	0	0	0	2	4	0	2	0	1	1	0	0	0	1	0	0	0	1	0	0	0	0	0	0	0	0	0	0	0	1	0	0	0	0	0	0	0	0	0	0	0	0	0	0	0	0	0	0	0	0	0	0	0	0	0	0	0	0	0	0	0	0	0	0
hátra	8380	13062	769	2799	601	9752	339	1700	13	53	13	15	243	9	0	5	36	0	45	3	14	3	0	0	12	0	1	32	0	81	3	4	25	12	1	0	11	0	0	1	0	16	0	0	0	7	0	1	2	0	0	0	0	0	0	0	0	0	0	1	0	0	0	1	0	0	0	0	0	0	0	0	0	0	0	0	0	0	0	0	0	0	0	0	0	0	0	0	0	0	0	0	0	0
ellen	5426	1139	18731	94	3800	2146	400	121	0	3	1554	6	15	81	1790	0	2	0	0	0	236	0	0	92	13	631	0	6	576	0	0	1	0	5	1	0	2	0	0	0	0	0	0	1	2	0	0	0	0	0	0	0	0	0	0	0	1	0	0	0	0	0	0	0	0	0	0	0	0	0	0	0	0	0	0	0	0	0	0	0	0	0	0	0	0	0	0	0	0	0	0	0	0	0
ellent	6372	1713	15347	59	638	4157	309	323	0	0	6	572	58	321	0	0	0	0	1	0	1	0	0	276	6215	0	0	0	108	0	0	4	0	2	26	20	0	2	5	0	0	3	0	0	0	0	0	0	0	0	0	0	0	0	0	0	2	0	0	1	0	0	0	0	0	0	0	1	0	0	0	0	0	0	1	0	0	0	0	0	0	0	0	0	0	0	0	0	0	0	0	0	0	0
egybe	10210	4026	3834	5023	694	3831	306	2698	0	103	72	2306	96	97	4	54	157	4	119	35	3	0	2	3	2	0	2	2	0	8	3	6	22	1	4	12	0	0	5	0	0	1	2	0	0	0	0	0	0	0	0	0	0	0	0	0	0	0	0	0	0	0	0	0	0	0	0	0	0	0	0	0	0	0	0	0	0	0	0	1	0	0	0	0	0	0	0	0	0	0	0	0	0	0
újjá	6139	3187	14093	2870	1345	1320	713	147	0	36	3241	8	51	3	2	21	17	0	9	57	0	1	1	0	2	2	9	3	0	0	1	0	2	0	1	3	3	0	0	1	0	2	0	1	0	0	0	1	0	0	0	0	0	0	0	0	0	0	1	0	0	0	0	0	0	0	0	0	0	0	0	0	0	0	0	0	0	0	0	0	0	0	0	0	0	0	0	0	0	0	0	0	0	0
hatályba	5061	10134	14867	84	112	1739	313	10	0	7	170	1	420	0	0	6	0	0	0	4	0	10	0	0	0	0	0	0	0	0	2	5	0	0	0	2	0	0	15	0	0	0	0	0	0	0	0	0	0	0	0	0	0	0	0	0	0	0	0	0	0	0	0	0	0	0	0	0	0	0	0	0	0	0	0	0	0	0	0	0	0	0	0	0	0	0	0	0	0	0	0	0	0	0
tönkre	14548	6191	171	1191	1553	364	819	188	1693	24	14	1	376	1	9	5	13	0	73	1	0	3	0	0	0	0	0	2	0	12	0	2	3	2	0	1	2	0	0	1	0	0	0	0	0	0	0	0	0	0	0	0	0	0	0	0	0	0	0	0	0	0	0	0	0	0	0	0	0	0	0	0	0	0	0	0	0	0	0	0	0	0	0	0	0	0	0	0	0	0	0	0	0	0
körbe	11371	5933	1821	1158	1298	914	590	699	17	233	56	8	138	16	0	20	130	0	160	5	0	1	5	0	11	0	0	22	0	13	13	37	6	3	6	3	15	0	0	0	0	2	2	0	0	2	0	0	0	0	0	0	0	0	0	0	0	0	0	0	0	0	0	0	0	0	0	0	0	0	0	0	0	0	0	0	0	0	0	0	0	0	0	0	0	0	0	0	0	0	0	0	0	0
abba	10917	6371	627	237	2797	46	1537	85	0	11	0	0	684	3	41	2	5	0	2	0	0	2	0	0	0	11	0	1	0	4	1	1	6	18	10	4	6	0	0	0	0	2	0	0	0	0	0	0	0	0	0	0	0	0	0	0	0	0	0	0	0	0	0	0	0	0	0	0	0	0	0	0	0	0	0	0	0	0	0	0	0	0	0	0	0	0	0	0	0	0	0	0	0	0
utána	8430	8655	610	124	2424	48	2338	143	1	15	3	1	365	1	2	4	3	0	9	0	0	0	0	0	1	0	1	0	1	6	3	0	1	95	10	3	0	0	0	0	0	0	0	0	0	0	0	0	8	0	0	0	2	0	0	0	0	0	0	0	0	0	0	0	0	0	0	0	0	0	0	0	0	0	0	0	0	0	0	0	0	0	0	0	0	0	0	0	0	0	0	0	0	0
jól	5027	13895	85	364	245	421	1261	39	0	2	10	458	1144	198	0	3	2	1	44	0	0	0	0	5	0	0	1	1	3	0	0	2	5	10	1	1	12	0	0	0	0	0	0	0	0	0	0	0	1	0	0	0	0	0	0	0	0	0	0	0	0	0	0	0	0	0	0	0	0	0	0	0	0	0	0	0	0	0	0	0	0	0	0	0	0	0	0	0	0	0	0	0	0	0
rajta	2068	16277	2195	304	116	42	108	21	0	14	6	178	191	0	4	9	1	0	2	0	0	0	0	0	15	2	3	0	0	7	1	0	0	2	0	1	0	0	0	0	0	0	0	216	0	0	0	0	0	0	0	0	0	0	0	0	0	0	0	0	0	0	0	0	0	0	0	0	0	0	0	0	0	0	0	0	0	0	0	0	0	0	0	0	0	0	0	0	0	0	0	0	0	0
tele/teli	4955	4794	4390	3995	459	31	135	497	0	20	65	6	71	21	0	3	188	0	325	0	0	17	1	0	1	0	0	0	0	7	0	0	1	18	0	0	8	0	0	0	0	0	0	0	0	0	0	0	0	0	0	0	0	0	0	0	0	0	0	0	0	0	0	0	0	0	0	0	0	0	0	0	0	0	0	0	0	0	0	0	0	0	0	0	0	0	0	0	0	0	0	0	0	0
keresztül	3812	8054	92	215	1501	467	587	233	303	127	1	2	425	7	32	30	11	0	22	1	0	2	0	0	3	0	2	0	0	5	34	2	6	14	1	6	17	0	0	0	0	0	0	0	0	0	0	0	8	0	0	0	0	0	0	0	0	0	0	0	0	0	0	0	0	0	0	0	0	0	0	0	0	0	0	0	0	0	0	0	0	0	0	0	0	0	0	0	0	0	0	0	0	0
agyon	7833	3231	539	2342	668	123	325	148	0	9	5	21	110	25	17	0	77	0	113	5	0	0	0	2	1	7	1	10	0	0	1	1	0	6	0	1	4	0	0	1	0	0	0	0	0	0	0	0	0	0	0	0	0	0	0	0	0	0	0	0	0	0	0	0	0	0	0	0	0	0	0	0	0	0	0	0	0	0	0	0	0	0	0	0	0	0	0	0	0	0	0	0	0	0
karban	843	518	9143	554	438	642	228	36	0	105	2382	0	15	46	2	10	46	0	49	3	0	0	4	0	2	0	1	5	0	1	1	0	0	1	1	0	0	0	1	2	0	0	0	0	1	0	0	0	0	0	0	0	1	0	0	0	0	0	0	0	0	0	0	0	0	0	0	0	0	0	0	0	0	0	0	0	0	0	0	0	0	0	0	0	0	0	0	0	0	0	0	0	0	0
kézhez	1681	10297	14	266	18	38	25	26	2625	7	0	0	74	0	0	1	1	0	0	0	0	0	0	0	0	0	1	0	0	0	0	0	2	0	0	0	0	0	0	0	0	0	0	0	0	0	0	0	0	0	0	0	0	0	0	0	0	0	0	0	0	0	0	0	0	0	0	0	0	0	0	0	0	0	0	0	0	0	0	0	0	0	0	0	0	0	0	0	0	0	0	0	0	0
alul	6401	1554	685	3418	336	518	68	146	0	8	50	70	40	1424	43	1	22	0	120	0	0	0	0	29	0	6	0	1	0	2	0	0	1	0	1	0	0	0	0	0	0	0	0	0	0	0	0	0	0	1	0	0	0	0	0	0	0	0	0	0	0	0	0	0	0	0	0	0	0	0	0	0	0	0	0	0	0	0	0	0	0	0	0	0	0	0	0	0	0	0	0	0	0	0
rendbe	5396	1965	393	285	1296	23	1193	68	3338	59	2	2	90	1	7	16	58	0	70	6	0	0	1	0	0	3	1	0	0	1	1	0	3	5	5	6	1	0	0	3	0	0	0	0	0	0	0	0	0	0	0	0	1	0	0	0	0	0	0	0	0	0	0	0	0	0	0	0	0	0	0	0	0	0	0	0	0	0	0	0	0	0	0	0	0	0	0	0	0	0	0	0	0	0
kétségbe	614	3627	3243	1071	294	44	181	733	0	62	8	2847	77	40	349	151	66	1	340	0	0	0	0	40	0	104	1	3	103	21	16	2	0	1	1	2	2	0	2	0	1	5	0	0	0	0	0	0	0	2	0	0	0	0	0	0	0	1	0	0	0	0	0	0	0	0	0	0	0	0	0	0	0	0	0	0	0	0	0	0	0	0	0	0	0	0	0	0	0	0	0	0	0	0
számon	2071	8602	131	2314	161	117	75	65	0	37	4	1	25	0	3	38	205	0	33	9	0	0	0	0	0	0	6	0	0	1	0	0	1	1	0	1	2	0	0	0	0	1	8	0	0	0	0	0	0	0	0	0	0	0	0	0	0	0	0	0	0	0	0	0	0	0	0	0	0	0	0	0	0	0	0	0	0	0	0	0	0	0	0	0	0	0	0	0	0	0	0	0	0	0
szemben	2967	5662	2672	33	26	2178	20	108	0	0	13	21	46	0	0	0	0	0	0	1	0	0	0	0	0	0	0	0	10	0	0	1	2	0	0	1	2	0	0	0	0	0	0	0	0	0	0	0	0	0	0	0	0	0	0	0	0	0	0	0	0	0	0	0	0	0	0	0	0	0	0	0	0	0	0	0	0	0	0	0	0	0	0	0	0	0	0	0	0	0	0	0	0	0
viszont	988	2262	7449	15	662	78	423	9	0	17	255	0	840	1	0	36	2	0	3	1	0	1	0	0	0	0	8	0	0	14	15	1	2	113	0	1	34	0	18	0	0	0	0	0	0	14	0	0	0	0	0	0	0	0	0	0	0	0	0	0	0	0	0	0	0	0	0	0	0	0	0	0	0	0	0	0	0	0	0	0	0	0	0	0	0	0	0	0	0	0	0	0	0	0
szóba	333	9418	56	239	107	89	347	3	1	155	1	0	2436	0	0	3	0	0	4	0	0	2	0	0	0	0	2	0	0	2	8	16	1	13	7	8	5	0	1	0	0	1	0	0	0	0	0	0	0	0	0	0	0	0	0	0	0	0	0	1	0	0	0	0	0	0	0	0	0	0	0	0	0	0	0	0	0	0	0	0	0	0	0	0	0	0	0	0	0	0	0	0	0	0
ketté	5470	1899	1726	1629	359	377	394	275	0	189	9	5	70	199	1	17	34	0	113	2	0	0	0	0	0	1	3	1	0	3	2	0	2	3	2	5	0	0	0	0	0	0	0	0	0	0	0	0	0	0	0	0	0	0	0	0	0	0	0	0	0	0	0	0	0	0	0	0	0	0	0	0	0	0	0	0	0	0	0	0	0	0	0	0	0	0	0	0	0	0	0	0	0	0
célba	2274	8066	909	329	328	415	140	73	15	12	14	1	119	0	0	7	5	0	1	3	0	0	0	0	1	0	0	8	0	9	1	5	1	0	0	0	4	0	0	0	0	0	0	0	0	0	0	4	0	1	0	0	0	0	0	0	0	0	0	0	0	0	0	0	0	0	0	0	0	0	0	0	0	0	0	0	0	0	0	0	0	0	0	0	0	0	0	0	0	0	0	0	0	0
bent	5090	3221	957	184	178	216	218	14	0	7	62	1	248	4	0	4	0	0	3	1	0	0	0	0	1648	0	1	18	0	0	0	1	0	1	1	0	1	0	1	0	0	0	0	0	2	1	0	0	0	0	0	0	0	0	0	0	0	0	0	0	0	0	0	0	0	0	0	0	0	0	0	0	0	0	0	0	0	0	0	0	0	0	0	0	0	0	0	0	0	0	0	0	0	0
állást	2510	7641	2	30	780	47	354	25	0	0	0	0	66	0	0	0	0	0	0	0	0	0	0	0	0	0	2	0	0	7	0	2	1	1	3	4	4	0	0	0	0	1	0	0	0	0	0	0	0	0	0	0	0	0	0	0	0	0	0	0	0	0	0	0	0	0	0	0	0	0	0	0	0	0	0	0	0	0	0	0	0	0	0	0	0	0	0	0	0	0	0	0	0	0
életben	4146	2711	2444	490	594	160	444	50	0	50	119	2	48	1	4	15	0	0	1	4	0	0	0	0	1	0	0	1	0	1	0	1	1	6	0	1	4	0	0	0	0	1	0	0	0	0	0	0	0	0	0	0	0	0	0	0	0	0	0	0	0	0	0	0	0	0	0	0	0	0	0	0	0	0	0	0	0	0	0	0	0	0	0	0	0	0	0	0	0	0	0	0	0	0
kölcsön	4455	2951	421	1478	699	138	245	135	120	20	97	0	148	2	0	12	4	0	13	1	0	0	0	0	1	0	2	5	0	4	2	0	1	2	1	1	9	0	0	0	0	0	1	0	0	0	0	0	0	0	0	0	0	0	0	0	0	0	0	0	0	0	0	0	0	0	0	0	0	0	0	0	0	0	0	0	0	0	0	0	0	0	0	0	0	0	0	0	0	0	0	0	0	0
utol	5278	2060	209	23	1592	40	248	56	0	146	53	0	166	13	587	13	0	0	0	1	0	0	0	0	57	48	1	0	1	0	4	0	1	0	0	3	1	0	0	0	0	0	0	0	0	0	0	0	0	0	0	0	0	0	0	0	0	0	0	0	0	0	0	0	0	0	0	0	0	0	0	0	0	0	0	0	0	0	0	0	0	0	0	0	0	0	0	0	0	0	0	0	0	1
külön	1998	2191	1941	255	550	1429	1187	229	5	82	36	178	100	58	2	55	34	0	64	22	1	0	0	0	0	0	3	0	4	5	7	1	0	98	2	1	40	0	0	0	0	0	2	0	0	4	0	1	0	0	0	0	0	0	0	0	0	0	0	0	0	0	0	0	0	0	0	0	0	0	0	0	0	0	0	0	0	0	0	0	0	0	0	0	0	0	0	0	0	0	0	0	0	0
végbe	2046	5768	6	930	270	1228	63	1	45	9	1	0	51	0	1	37	0	0	0	0	0	2	0	0	0	0	0	0	0	1	0	0	0	0	2	4	0	0	0	0	0	0	0	0	0	0	0	0	0	0	0	0	0	0	0	0	0	0	0	0	0	0	0	0	0	0	0	0	0	0	0	0	0	0	0	0	0	0	0	0	0	0	0	0	0	0	0	0	0	0	0	0	0	0
mellé	2798	3354	2169	208	531	173	339	79	0	2	54	2	224	46	0	7	20	1	74	1	0	0	0	0	6	1	1	16	0	7	11	3	0	16	0	2	0	0	0	0	0	1	0	0	0	0	0	0	0	0	0	0	0	0	0	0	0	0	0	0	0	0	0	0	0	0	0	0	0	0	0	0	0	0	0	0	0	0	0	0	0	0	0	0	0	0	0	0	0	0	0	0	0	0
félbe	4237	1518	409	2292	348	46	441	294	0	20	3	9	67	4	2	2	10	0	23	1	0	0	1	0	0	0	3	1	0	1	1	0	2	0	1	2	0	0	0	0	0	2	0	0	0	0	0	0	0	0	0	0	0	0	0	0	0	0	0	0	0	0	0	0	0	0	0	0	0	0	0	0	0	0	0	0	0	0	0	0	0	0	0	0	0	0	0	0	0	0	0	0	0	0
helyt	1958	968	2500	117	1249	1368	607	34	0	0	110	58	65	213	0	0	1	0	0	0	0	0	0	8	0	0	0	0	45	0	0	7	0	1	11	8	1	0	2	0	0	0	0	0	0	0	0	0	0	0	0	0	0	0	0	0	0	0	0	0	0	0	0	0	0	0	0	0	0	0	0	0	0	0	0	0	0	0	0	0	0	0	0	0	0	0	0	0	0	0	0	0	0	0
sorra	2386	2614	20	60	72	3641	84	92	0	0	1	0	40	0	0	1	1	0	0	0	0	0	0	0	0	0	0	0	0	2	0	4	2	2	0	5	0	0	0	0	0	0	0	0	0	0	0	0	0	0	0	0	0	0	0	0	0	0	0	0	0	0	0	0	0	0	0	0	0	0	0	0	0	0	0	0	0	0	0	0	0	0	0	0	0	0	0	0	0	0	0	0	0	0
készen	7612	815	8	8	26	81	253	24	0	0	0	0	91	0	0	0	0	0	0	0	0	0	0	0	0	0	0	0	0	0	0	0	1	0	1	8	0	0	0	0	0	0	0	0	0	0	0	0	0	0	0	0	0	0	0	0	0	0	0	0	0	0	0	0	0	0	0	0	0	0	0	0	0	0	0	0	0	0	0	0	0	0	0	0	0	0	0	0	0	0	0	0	0	0
elé	155	1998	1313	97	3832	50	149	21	2	8	33	6	549	2	0	5	1	1	103	1	0	1	0	0	9	1	7	2	0	2	18	3	2	6	2	0	0	0	0	0	0	1	0	0	0	0	1	0	1	0	0	0	0	0	0	0	0	0	0	0	0	0	0	0	0	0	0	0	0	0	0	0	0	0	0	0	0	0	0	0	0	0	0	0	0	0	0	0	0	0	0	0	0	0
igazat	3163	4025	3	58	183	26	409	40	0	0	0	0	98	0	0	0	1	0	0	0	0	0	0	0	0	0	1	0	0	5	0	0	4	4	50	27	34	0	1	0	0	0	0	0	0	0	0	0	3	0	0	0	0	0	0	0	0	0	0	0	0	0	0	0	0	0	0	0	0	0	0	0	0	0	0	0	0	0	0	0	0	0	0	0	0	0	0	0	0	0	0	0	0	0
életre	2636	3139	565	801	373	234	132	41	0	45	26	0	32	0	0	20	6	0	2	7	0	1	0	0	0	0	0	0	0	3	2	1	1	1	0	2	1	0	0	0	0	0	0	0	0	0	0	0	0	0	0	0	0	0	0	0	0	0	0	0	0	0	0	0	0	0	0	0	0	0	0	0	0	0	0	0	0	0	0	0	0	0	0	0	0	0	0	0	0	0	0	0	0	0
piacra	1976	3525	1185	524	336	36	196	6	0	15	9	0	67	0	0	2	7	0	1	14	0	0	0	0	0	0	0	0	0	1	0	0	0	0	0	0	2	0	0	0	0	0	0	0	0	0	0	0	0	0	0	0	0	0	0	0	0	0	0	0	0	0	0	0	0	0	0	0	0	0	0	0	0	0	0	0	0	0	0	0	0	0	0	0	0	0	0	0	0	0	0	0	0	0
nyomon	59	2423	2946	3	58	23	931	2	0	116	331	35	12	548	48	293	0	0	1	0	0	0	0	0	13	5	0	1	1	7	12	0	0	4	0	0	0	0	0	0	0	0	0	0	0	0	0	0	0	0	0	0	0	0	0	0	0	0	0	0	0	0	0	0	0	0	0	0	0	0	0	0	0	0	0	0	0	0	0	0	0	0	0	0	0	0	0	0	0	0	0	0	0	0
közé	145	6615	0	139	8	0	528	0	1	0	0	0	214	0	0	2	1	0	7	0	0	0	0	0	0	0	0	0	0	2	11	68	0	21	1	0	0	0	0	0	0	0	0	0	0	0	0	0	0	0	0	0	0	0	0	0	0	0	0	0	0	0	0	0	0	0	0	0	0	0	0	0	0	0	0	0	0	0	0	0	0	0	0	0	0	0	0	0	0	0	0	0	0	0
benn	1906	1715	2041	417	232	370	113	18	0	3	54	2	150	3	0	1	1	0	0	1	0	0	0	0	30	0	1	2	0	0	0	0	1	1	0	1	1	0	0	0	0	0	0	0	0	0	0	0	0	0	0	0	0	0	0	0	0	0	0	0	0	0	0	0	0	0	0	0	0	0	0	0	0	0	0	0	0	0	0	0	0	0	0	0	0	0	0	0	0	0	0	0	0	0
nagyra	4937	424	503	884	40	76	49	31	0	17	0	0	23	2	0	1	1	0	2	23	0	0	0	3	0	0	0	0	3	0	0	0	3	1	0	0	0	0	0	0	0	0	0	0	0	0	0	0	0	0	0	0	0	0	0	0	0	0	0	0	0	0	0	0	0	0	0	0	0	0	0	0	0	0	0	0	0	0	0	0	0	0	0	0	0	0	0	0	0	0	0	0	0	0
tetten	1366	658	668	243	226	200	83	15	0	2441	3	50	26	6	10	862	1	0	3	0	0	0	0	1	3	5	1	0	1	0	24	0	0	0	0	0	1	0	1	0	0	0	0	0	0	0	0	0	0	1	0	0	0	0	0	0	0	0	0	0	0	0	0	0	0	0	0	0	0	0	0	0	0	0	0	0	0	0	0	0	0	0	0	0	0	0	0	0	0	0	0	0	0	0
jót	101	3966	1162	3	43	14	402	2	0	1	665	0	218	0	0	0	0	0	0	0	0	0	0	0	7	0	3	0	0	0	0	0	0	2	0	0	12	0	0	0	0	0	0	0	0	0	0	0	1	0	0	0	1	0	0	0	0	0	0	0	0	0	0	0	0	0	0	0	0	0	0	0	0	0	0	0	0	0	0	0	0	0	0	0	0	0	0	0	0	0	0	0	0	0
számot	1352	2691	8	25	413	1127	581	80	0	15	0	0	35	0	0	0	1	0	0	0	0	0	0	0	0	0	0	0	0	6	2	5	1	1	7	7	1	0	0	0	0	1	0	0	0	0	0	0	1	0	0	0	0	0	0	0	0	0	0	0	0	0	0	0	0	0	0	0	0	0	0	0	0	0	0	0	0	0	0	0	0	0	0	0	0	0	0	0	0	0	0	0	0	0
számba	1886	1208	2	69	472	149	331	276	1466	332	3	1	66	3	10	11	18	2	6	23	0	0	0	0	0	0	3	0	0	5	3	1	0	4	1	2	1	0	0	0	0	3	0	0	0	0	0	0	0	0	0	0	0	0	0	0	0	0	0	0	0	0	0	0	0	0	0	0	0	0	0	0	0	0	0	0	0	0	0	0	0	0	0	0	0	0	0	0	0	0	0	0	0	0
által	5715	90	4	11	31	9	220	6	1	1	0	1	103	0	0	2	0	0	10	1	0	1	0	0	0	0	27	0	0	2	53	1	11	28	0	0	21	0	0	0	0	0	0	0	0	1	0	0	0	1	0	0	0	0	0	0	0	0	0	0	0	0	0	0	0	0	0	0	0	0	0	0	0	0	0	0	0	0	0	0	0	0	0	0	0	0	0	0	0	0	0	0	0	0
bérbe	1557	955	2311	330	180	120	83	18	0	136	200	0	38	14	0	19	13	0	39	16	0	0	0	0	2	0	0	0	0	0	2	0	1	0	0	0	0	0	0	0	0	0	0	0	0	0	0	0	0	0	0	0	0	0	0	0	0	0	0	0	0	0	0	0	0	0	0	0	0	0	0	0	0	0	0	0	0	0	0	0	0	0	0	0	0	0	0	0	0	0	0	0	0	0
valóra	2555	1942	721	52	182	24	117	51	0	35	6	1	188	3	1	12	2	0	1	0	0	0	0	0	0	0	3	0	0	6	2	2	0	2	0	0	0	0	0	0	0	0	0	0	0	0	0	0	0	0	0	0	0	0	0	0	0	0	0	0	0	0	0	0	0	0	0	0	0	0	0	0	0	0	0	0	0	0	0	0	0	0	0	0	0	0	0	0	0	0	0	0	0	0
csődbe	3770	1091	93	429	77	70	92	2	56	1	1	0	138	0	0	0	1	0	2	0	0	0	0	0	0	0	0	0	0	0	0	0	0	2	0	2	0	0	0	0	0	0	0	0	0	0	0	0	0	0	0	0	0	0	0	0	0	0	0	0	0	0	0	0	0	0	0	0	0	0	0	0	0	0	0	0	0	0	0	0	0	0	0	0	0	0	0	0	0	0	0	0	0	0
férjhez	2794	1678	127	63	202	35	175	10	104	2	13	0	109	0	1	0	3	0	2	11	0	0	1	0	0	0	1	1	0	0	0	0	2	3	0	1	1	0	1	1	0	0	0	0	0	0	0	2	0	0	0	0	0	0	0	0	0	0	0	0	0	0	0	0	0	0	0	0	0	0	0	0	0	0	0	0	0	0	0	0	0	0	0	0	0	0	0	0	0	0	0	0	0	0
talpra	1539	548	1898	63	392	68	459	30	0	17	25	41	27	147	0	1	0	0	1	0	0	0	1	17	0	1	0	0	64	0	0	0	0	1	0	1	2	0	0	0	0	0	0	0	0	0	0	0	0	0	0	0	0	0	0	0	0	0	0	0	0	0	0	0	0	0	0	0	0	0	0	0	0	0	0	0	0	0	0	0	0	0	0	0	0	0	0	0	0	0	0	0	0	0
kezet	3070	1365	4	74	342	26	185	59	0	0	0	0	146	0	0	0	0	0	0	0	0	0	0	0	0	0	2	0	0	0	0	2	3	0	1	2	3	0	1	0	0	0	0	0	0	0	0	0	0	0	0	0	0	0	0	0	0	0	0	1	0	0	0	0	0	0	0	0	0	0	0	0	0	0	0	0	0	0	0	0	0	0	0	0	0	0	0	0	0	0	0	0	0	0
törvényt	1271	1642	13	125	247	489	489	56	0	0	0	2	218	0	0	2	0	0	0	0	0	0	0	0	0	0	11	0	0	0	0	12	0	128	0	2	92	0	0	0	0	3	0	0	0	2	0	0	0	0	0	0	0	0	0	0	0	0	0	0	0	0	0	0	0	0	0	0	0	0	0	0	0	0	0	0	0	0	0	0	0	0	0	0	0	0	0	0	0	0	0	0	0	0
véghez	837	1220	0	424	1164	19	246	4	681	50	1	0	118	0	4	19	0	0	1	2	0	0	0	0	0	0	0	0	0	1	0	0	0	1	0	1	2	0	0	1	0	0	0	0	0	0	0	0	5	0	0	0	0	0	0	0	0	0	0	0	0	0	0	0	0	0	0	0	0	0	0	0	0	0	0	0	0	0	0	0	0	0	0	0	0	0	0	0	0	0	0	0	0	0
szerte	1636	198	92	132	97	2465	3	40	0	0	0	43	9	11	0	1	1	0	0	2	0	0	0	28	0	0	0	0	0	2	0	0	4	0	0	0	5	0	0	0	0	0	0	0	0	0	0	0	0	0	0	0	0	0	0	0	0	0	0	0	0	0	0	0	0	0	0	0	0	0	0	0	0	0	0	0	0	0	0	0	0	0	0	0	0	0	0	0	0	0	0	0	0	0
szóvá	2845	915	1	13	203	17	314	16	4	5	0	0	340	0	0	2	0	0	6	3	0	0	0	0	0	0	1	0	0	1	0	0	0	2	3	3	2	0	0	0	0	0	0	0	0	0	0	0	0	0	0	0	0	0	1	0	0	0	0	0	0	0	0	0	0	0	0	0	0	0	0	0	0	0	0	0	0	0	0	0	0	0	0	0	0	0	0	0	0	0	0	0	0	0
közben	523	323	3157	54	134	69	19	6	0	0	21	1	15	1	0	0	0	1	0	0	0	1	0	0	0	0	0	1	0	0	0	0	0	0	0	0	0	0	0	0	0	0	0	0	0	0	0	0	0	0	0	0	0	0	0	0	0	0	0	0	0	0	0	0	0	0	0	0	0	0	0	0	0	0	0	0	0	0	0	0	0	0	0	0	0	0	0	0	0	0	0	0	0	0
zavarba	1867	820	16	21	95	892	97	16	0	36	0	286	67	1	0	6	0	0	0	0	0	0	0	19	0	0	0	1	8	0	1	1	0	2	0	0	0	0	0	0	0	1	0	0	0	0	0	0	0	0	0	0	0	0	0	0	0	0	0	0	0	0	0	0	0	0	0	0	0	0	0	0	0	0	0	0	0	0	0	0	0	0	0	0	0	0	0	0	0	0	0	0	0	0
tisztán	11	974	2420	1	12	101	381	0	0	6	35	12	18	2	1	22	1	0	5	0	0	0	0	0	0	0	0	0	5	0	0	1	0	0	1	3	44	0	0	0	0	0	0	0	0	0	0	0	0	0	0	0	1	0	0	0	0	0	0	0	0	0	0	0	0	0	0	0	0	0	0	0	0	0	0	0	0	0	0	0	0	0	0	0	0	0	0	0	0	0	0	0	0	0
testre	670	61	414	407	83	399	46	94	0	1246	72	47	10	352	0	12	3	0	4	0	0	0	0	2	0	0	0	0	10	0	7	0	0	1	0	0	0	0	0	0	0	0	0	0	0	0	0	0	0	0	0	0	0	0	0	0	0	0	0	0	0	0	0	0	0	0	0	0	0	0	0	0	0	0	0	0	0	0	0	0	0	0	0	0	0	0	0	0	0	0	0	0	0	0
szót	1153	1100	34	465	378	60	371	21	0	0	2	3	266	0	0	4	1	0	0	0	0	0	0	0	0	1	8	0	0	6	0	6	1	11	4	0	3	0	1	0	0	0	0	0	0	0	0	0	0	0	0	0	0	0	0	0	0	1	0	0	0	0	0	0	0	0	0	0	0	0	0	0	0	0	0	0	0	0	0	0	0	0	0	0	0	0	0	0	0	0	0	0	0	0
színre	1118	1364	769	8	78	133	13	4	343	3	3	0	17	0	0	1	1	0	0	0	0	6	0	0	0	0	0	0	0	0	0	2	0	0	0	0	0	0	0	0	0	0	0	0	0	0	0	0	0	0	0	0	0	0	0	0	0	0	0	0	0	0	0	0	0	0	0	0	0	0	0	0	0	0	0	0	0	0	0	0	0	0	0	0	0	0	0	0	0	0	0	0	0	0
világra	984	1977	48	156	120	62	26	0	217	1	2	0	27	0	0	0	0	0	0	1	0	140	0	0	0	0	0	0	0	1	0	0	0	1	0	0	9	0	0	0	0	0	0	0	0	0	0	0	0	0	0	0	0	0	2	0	0	0	0	0	0	0	0	0	0	0	0	0	0	0	0	0	0	0	0	0	0	0	0	0	0	0	0	0	0	0	0	0	0	0	0	0	0	0
semmibe	1884	287	98	58	103	307	31	324	554	5	2	1	49	0	0	0	3	0	11	1	0	0	0	0	1	0	0	0	0	1	0	0	0	0	0	0	1	0	0	0	0	1	0	0	0	0	0	0	0	0	0	0	0	0	0	0	0	0	0	0	0	0	0	0	0	0	0	0	0	0	0	0	0	0	0	0	0	0	0	0	0	0	0	0	0	0	0	0	0	0	0	0	0	0
sorba	955	1401	316	159	230	64	253	171	0	49	20	1	21	1	0	3	24	0	38	2	0	0	0	0	2	0	0	3	0	0	0	0	0	2	0	0	6	0	0	0	0	0	0	0	0	0	0	0	0	0	0	0	0	0	0	0	0	0	0	0	0	0	0	0	0	0	0	0	0	0	0	0	0	0	0	0	0	0	0	0	0	0	0	0	0	0	0	0	0	0	0	0	0	0
fejbe	2477	689	122	129	84	34	56	27	0	0	0	8	39	0	0	0	0	0	4	0	0	0	0	0	13	0	0	0	2	0	0	0	0	0	1	0	0	0	0	0	0	0	0	0	0	0	0	3	0	0	0	1	0	0	0	0	0	0	0	0	0	0	0	0	0	0	0	0	0	0	0	0	0	0	0	0	0	0	0	0	0	0	0	0	0	0	0	0	0	0	0	0	0	0
cserben	1219	1118	345	126	107	293	8	38	0	0	2	1	29	13	0	0	2	0	3	0	0	0	0	0	250	0	0	0	0	1	0	1	1	0	0	0	2	0	0	0	0	0	0	0	0	0	0	0	0	0	0	0	0	0	0	1	0	0	0	0	0	0	0	0	0	0	0	0	0	0	0	0	0	0	0	0	0	0	0	0	0	0	0	0	0	0	0	0	0	0	0	0	0	0
szemet	2241	824	10	61	91	104	56	25	0	0	0	16	35	0	0	0	0	0	0	0	0	0	0	6	0	0	0	0	5	0	0	0	0	0	3	1	1	0	0	0	0	0	0	0	0	0	0	0	0	0	0	0	0	0	0	0	0	0	0	0	0	0	0	0	0	0	0	0	0	0	0	0	0	0	0	0	0	0	0	0	0	0	0	0	0	0	0	0	0	0	0	0	0	0
zsebre	1264	1232	13	313	103	57	54	70	1	171	2	2	21	3	0	7	0	0	0	0	0	0	0	0	0	0	0	4	0	3	5	0	2	0	0	0	1	0	0	1	0	0	0	0	0	0	0	0	0	0	0	0	0	0	0	0	0	0	0	0	0	0	0	0	0	0	0	0	0	0	0	0	0	0	0	0	0	0	0	0	0	0	0	0	0	0	0	0	0	0	0	0	0	0
partra	714	703	1285	322	45	60	7	37	0	0	83	0	28	0	0	0	0	0	0	0	0	0	0	0	3	0	0	5	0	0	0	0	0	0	0	0	0	0	0	0	0	0	0	0	0	0	0	0	0	0	0	0	0	0	0	0	0	0	0	0	0	0	0	0	0	0	0	0	0	0	0	0	0	0	0	0	0	0	0	0	0	0	0	0	0	0	0	0	0	0	0	0	0	0
kézre	1271	539	991	59	79	137	51	23	0	5	6	6	27	3	1	1	1	0	0	1	0	0	0	1	0	0	0	0	20	0	0	0	0	0	0	0	0	0	0	0	0	0	0	0	0	0	0	0	0	0	0	0	0	0	0	0	0	0	0	0	0	0	0	0	0	0	0	0	0	0	0	0	0	0	0	0	0	0	0	0	0	0	0	0	0	0	0	0	0	0	0	0	0	0
kívül	56	1834	5	22	9	22	983	7	0	0	0	1	223	3	0	1	0	0	15	0	0	0	0	0	0	0	4	0	0	0	2	0	0	12	1	0	3	0	0	0	1	0	0	0	0	0	0	0	0	0	0	0	0	0	0	0	0	0	0	0	0	0	0	0	0	0	0	0	0	0	0	0	0	0	0	0	0	0	0	0	0	0	0	0	0	0	0	0	0	0	0	0	0	0
békén	936	1981	0	1	113	3	110	9	0	0	0	0	17	0	0	0	2	0	10	0	0	0	0	0	0	0	0	0	0	0	0	0	0	0	1	0	1	0	0	0	0	0	0	0	0	1	0	0	0	0	0	0	0	0	0	0	0	0	0	0	0	0	0	0	0	0	0	0	0	0	0	0	0	0	0	0	0	0	0	0	0	0	0	0	0	0	0	0	0	0	0	0	0	0
rosszul	151	2536	1	20	0	1	102	0	0	0	0	0	91	0	0	0	0	0	0	0	0	0	0	0	0	0	0	0	0	0	0	0	0	0	0	0	1	0	0	0	0	0	0	0	0	0	0	0	0	0	0	0	0	0	0	0	0	0	0	0	0	0	0	0	0	0	0	0	0	0	0	0	0	0	0	0	0	0	0	0	0	0	0	0	0	0	0	0	0	0	0	0	0	0
bosszút	1406	675	1	9	192	20	423	22	0	0	0	0	36	0	0	0	0	0	0	0	0	0	0	0	0	0	0	0	0	10	0	0	3	1	0	1	1	0	0	0	0	1	0	0	0	0	0	0	0	0	0	0	0	0	0	0	0	0	0	0	0	0	0	0	0	0	0	0	0	0	0	0	0	0	0	0	0	0	0	0	0	0	0	0	0	0	0	0	0	0	0	0	0	0
kézben	777	393	378	226	273	131	230	95	0	175	4	2	6	10	7	11	13	0	16	6	0	0	0	0	0	0	0	0	0	1	3	0	0	2	2	0	2	0	0	0	0	0	0	0	0	1	0	0	0	0	0	0	0	0	0	0	0	0	0	0	0	0	0	0	0	0	0	0	0	0	0	0	0	0	0	0	0	0	0	0	0	0	0	0	0	0	0	0	0	0	0	0	0	0
éhen	1318	680	224	96	140	19	109	5	0	0	7	0	138	0	0	0	0	0	0	0	0	0	0	0	1	0	0	1	0	0	0	0	1	0	0	0	4	0	0	0	0	0	0	0	0	0	0	0	0	0	0	0	0	0	0	0	0	0	0	0	0	0	0	0	0	0	0	0	0	0	0	0	0	0	0	0	0	0	0	0	0	0	0	0	0	0	0	0	0	0	0	0	0	0
sorban	1199	589	0	5	270	517	37	68	0	0	0	0	3	0	0	0	2	0	0	0	0	0	0	0	0	0	0	0	0	0	0	0	0	0	0	1	6	0	0	0	0	0	0	0	0	0	0	0	0	0	0	0	0	0	0	0	0	0	0	0	0	0	0	0	0	0	0	0	0	0	0	0	0	0	0	0	0	0	0	0	0	0	0	0	0	0	0	0	0	0	0	0	0	0
útra	1131	843	53	176	113	206	31	16	0	1	0	0	28	0	0	0	0	0	0	0	0	1	0	0	0	0	2	0	0	0	0	0	4	1	0	0	0	0	0	0	0	0	0	0	0	0	0	0	0	0	0	0	0	0	0	0	0	0	0	0	0	0	0	0	0	0	0	0	0	0	0	0	0	0	0	0	0	0	0	0	0	0	0	0	0	0	0	0	0	0	0	0	0	0
helyben	1730	409	89	39	17	56	40	84	0	0	0	0	30	0	0	0	0	22	1	0	0	0	0	0	1	0	0	0	0	0	0	0	1	1	0	0	5	0	0	0	0	0	0	0	0	0	0	0	0	0	0	0	0	0	0	0	0	0	0	0	0	0	0	0	0	0	0	0	0	0	0	0	0	0	0	0	0	0	0	0	0	0	0	0	0	0	0	0	0	0	0	0	0	0
romba	1198	587	82	296	28	94	21	34	0	4	0	1	13	0	0	1	1	0	0	2	0	0	0	0	0	0	0	0	0	2	0	0	0	0	0	0	0	0	0	0	0	1	0	0	0	0	0	0	0	0	0	0	0	0	0	0	0	0	0	0	0	0	0	0	0	0	0	0	0	0	0	0	0	0	0	0	0	0	0	0	0	0	0	0	0	0	0	0	0	0	0	0	0	0
trónra	366	396	1301	0	2	149	2	40	0	0	9	0	7	0	0	0	0	0	0	0	0	83	0	0	0	0	0	0	0	0	0	0	0	0	0	0	0	0	0	0	0	0	0	0	0	0	0	0	0	0	0	0	0	0	0	0	0	0	0	0	0	0	0	0	0	0	0	0	0	0	0	0	0	0	0	0	0	0	0	0	0	0	0	0	0	0	0	0	0	0	0	0	0	0
lángra	1131	937	27	101	19	39	14	23	0	0	0	0	25	0	0	0	0	0	0	1	0	0	0	0	0	0	0	0	0	1	0	0	0	0	0	0	1	0	0	0	0	0	0	0	0	0	0	0	0	0	0	0	0	0	0	0	0	0	0	0	0	0	0	0	0	0	0	0	0	0	0	0	0	0	0	0	0	0	0	0	0	0	0	0	0	0	0	0	0	0	0	0	0	0
tova	1017	367	193	123	55	476	5	20	0	0	2	1	18	0	0	0	0	0	0	0	0	6	0	0	0	0	0	0	0	1	0	0	0	0	0	0	1	0	0	0	0	0	0	0	0	1	0	0	1	0	0	0	0	0	0	0	0	0	0	0	0	0	0	0	0	0	0	0	0	0	0	0	0	0	0	0	0	0	0	0	0	0	0	0	0	0	0	0	0	0	0	0	0	0
érvénybe	559	1085	216	9	4	150	19	0	0	0	1	0	24	0	0	0	0	0	0	0	0	7	0	0	0	0	0	0	0	0	0	0	0	0	0	0	0	0	0	0	0	0	0	0	0	0	0	0	0	0	0	0	0	0	0	0	0	0	0	0	0	0	0	0	0	0	0	0	0	0	0	0	0	0	0	0	0	0	0	0	0	0	0	0	0	0	0	0	0	0	0	0	0	0
harcba	851	925	7	14	111	69	43	6	0	1	0	0	12	0	0	0	0	0	0	0	0	0	0	0	0	0	0	0	0	0	0	0	0	1	0	0	0	0	0	0	0	0	0	0	0	0	0	0	0	0	0	0	0	0	0	0	0	0	0	0	0	0	0	0	0	0	0	0	0	0	0	0	0	0	0	0	0	0	0	0	0	0	0	0	0	0	0	0	0	0	0	0	0	0
alább	1235	568	13	20	76	9	19	4	0	0	0	0	55	0	0	0	0	0	0	0	0	1	0	0	0	0	0	0	0	0	0	1	0	0	1	0	0	0	0	0	0	0	0	0	0	0	0	0	0	0	0	0	0	0	0	0	0	0	0	0	0	0	0	0	0	0	0	0	0	0	0	0	0	0	0	0	0	0	0	0	0	0	0	0	0	0	0	0	0	0	0	0	0	0
földet	524	785	493	10	29	40	5	26	0	0	16	0	14	0	0	0	0	0	0	0	0	0	0	0	0	0	1	1	0	0	0	1	0	0	0	0	0	0	0	0	0	1	0	0	0	0	0	0	0	0	0	0	0	0	0	0	0	0	0	0	0	0	0	0	0	0	0	0	0	0	0	0	0	0	0	0	0	0	0	0	0	0	0	0	0	0	0	0	0	0	0	0	0	0
fölé	23	306	188	53	551	9	121	37	0	0	133	6	344	110	0	0	4	0	31	0	0	0	0	0	0	0	0	1	0	1	3	3	0	7	0	2	0	0	0	0	0	1	0	0	0	0	0	0	0	0	0	0	0	0	0	0	0	0	0	0	0	0	0	0	0	0	0	0	0	0	0	0	0	0	0	0	0	0	0	0	0	0	0	0	0	0	0	0	0	0	0	0	0	0
hadat	1487	302	0	16	31	35	40	14	0	0	0	0	9	0	0	0	0	0	0	0	0	0	0	0	0	0	0	0	0	0	0	0	0	0	0	0	0	0	0	0	0	0	0	0	0	0	0	0	0	0	0	0	0	0	0	0	0	0	0	0	0	0	0	0	0	0	0	0	0	0	0	0	0	0	0	0	0	0	0	0	0	0	0	0	0	0	0	0	0	0	0	0	0	0
talpon	504	444	446	42	161	38	265	4	0	0	7	0	8	0	0	0	0	0	0	0	0	0	0	0	0	0	0	1	0	0	0	0	0	1	0	0	0	0	0	0	0	0	0	0	0	0	0	0	0	0	0	0	0	0	0	0	0	0	0	0	0	0	0	0	0	0	0	0	0	0	0	0	0	0	0	0	0	0	0	0	0	0	0	0	0	0	0	0	0	0	0	0	0	0
hanyatt	958	294	127	8	44	90	25	312	0	0	0	0	20	0	0	0	25	0	5	0	0	0	0	0	2	0	0	2	0	0	0	0	5	0	0	0	2	0	0	0	0	0	0	0	0	0	0	0	0	0	0	0	0	0	0	0	0	0	0	0	0	0	0	0	0	0	0	0	0	0	0	0	0	0	0	0	0	0	0	0	0	0	0	0	0	0	0	0	0	0	0	0	0	0
hátba	1153	264	256	33	55	33	24	25	0	0	4	3	20	0	0	0	0	0	0	0	0	0	0	0	2	0	0	22	1	0	0	0	0	0	0	0	0	0	0	0	0	0	0	0	0	0	0	1	0	0	0	0	0	0	0	0	0	0	0	0	0	0	0	0	0	0	0	0	0	0	0	0	0	0	0	0	0	0	0	0	0	0	0	0	0	0	0	0	0	0	0	0	0	0
pórul	1029	261	9	343	9	9	12	1	0	0	0	1	20	1	0	0	0	0	0	0	0	0	0	0	0	0	0	0	0	0	0	0	0	0	0	0	0	0	0	0	0	0	0	0	0	0	0	0	0	0	0	0	0	0	0	0	0	0	0	0	0	0	0	0	0	0	0	0	0	0	0	0	0	0	0	0	0	0	0	0	0	0	0	0	0	0	0	0	0	0	0	0	0	0
testet	502	681	127	136	16	117	20	22	0	0	1	0	12	0	0	0	0	0	0	1	0	0	0	0	0	0	0	0	0	1	0	2	0	0	0	1	0	0	0	0	0	0	0	0	0	0	0	0	0	0	0	0	0	0	0	0	0	0	0	0	0	0	0	0	0	0	0	0	0	0	0	0	0	0	0	0	0	0	0	0	0	0	0	0	0	0	0	0	0	0	0	0	0	0
keresztbe	258	804	152	100	35	21	85	15	3	1	1	0	32	0	0	0	1	0	5	0	0	0	0	0	13	0	0	1	0	0	0	0	0	0	0	0	2	0	0	0	0	0	0	0	0	0	0	0	0	0	0	0	0	0	0	0	0	0	0	0	0	0	0	0	0	0	0	0	0	0	0	0	0	0	0	0	0	0	0	0	0	0	0	0	0	0	0	0	0	0	0	0	0	0
kézen	389	49	15	5	16	11	9	981	0	31	0	0	2	0	0	1	4	0	0	0	0	0	0	2	0	0	0	2	1	0	0	0	1	0	0	0	0	0	0	0	0	0	0	0	0	0	0	0	0	0	0	0	0	0	0	0	0	0	0	0	0	0	0	0	0	0	0	0	0	0	0	0	0	0	0	0	0	0	0	0	0	0	0	0	0	0	0	0	0	0	0	0	0	0
ajtót	721	478	0	26	65	42	8	61	0	0	0	0	33	0	0	1	1	0	0	0	0	0	0	0	0	0	1	0	0	0	0	0	0	0	0	0	19	0	0	0	0	0	0	0	0	0	0	0	0	0	0	0	0	0	0	0	0	0	0	0	0	0	0	0	0	0	0	0	0	0	0	0	0	0	0	0	0	0	0	0	0	0	0	0	0	0	0	0	0	0	0	0	0	0
térdre	756	206	77	67	54	31	56	164	0	0	1	2	17	0	0	1	1	0	0	0	0	0	0	0	1	0	0	1	0	1	0	0	2	0	0	0	0	0	0	0	0	0	0	0	0	0	0	0	0	0	0	0	0	0	0	0	0	0	0	0	0	0	0	0	0	0	0	0	0	0	0	0	0	0	0	0	0	0	0	0	0	0	0	0	0	0	0	0	0	0	0	0	0	0
szemmel	698	215	213	12	85	38	103	29	0	14	0	0	8	0	0	0	0	0	4	6	0	0	0	0	1	0	0	0	0	1	0	1	2	1	1	0	0	0	0	0	0	0	0	0	0	0	0	0	0	0	0	0	0	0	0	0	0	0	0	0	0	0	0	0	0	0	0	0	0	0	0	0	0	0	0	0	0	0	0	0	0	0	0	0	0	0	0	0	0	0	0	0	0	0
lázba	514	793	3	2	51	24	25	3	0	0	0	0	4	0	0	1	0	0	0	0	0	0	0	0	0	0	0	0	0	0	0	0	0	0	0	0	0	0	0	0	0	0	0	0	0	0	0	0	0	0	0	0	0	0	0	0	0	0	0	0	0	0	0	0	0	0	0	0	0	0	0	0	0	0	0	0	0	0	0	0	0	0	0	0	0	0	0	0	0	0	0	0	0	0
házhoz	394	79	694	33	9	37	4	43	0	3	37	1	48	0	0	0	0	0	0	2	0	0	0	0	2	0	0	13	0	0	0	2	0	2	0	0	1	0	0	0	0	0	0	0	0	0	0	1	0	0	0	0	0	0	0	0	0	0	2	0	0	0	0	0	0	0	0	0	0	0	0	0	0	0	0	0	0	0	0	0	0	0	0	0	0	0	0	0	0	0	0	0	0	0
hasra	483	207	216	15	45	10	30	106	0	0	1	69	22	0	0	0	31	0	2	0	1	0	0	0	26	0	0	6	0	1	0	1	0	0	1	0	1	0	0	0	0	1	0	28	0	0	0	0	0	0	0	0	0	0	0	0	0	0	0	0	0	0	0	0	0	0	0	0	0	0	0	0	0	0	0	0	0	0	0	0	0	0	0	0	0	0	0	0	0	0	0	0	0	0
nyomra	69	110	16	0	3	20	1	0	0	0	1072	0	1	0	0	0	0	0	0	0	0	0	0	0	0	0	0	0	0	0	0	0	0	0	0	0	0	0	0	0	0	0	0	0	0	0	0	0	0	0	0	0	0	0	0	0	0	0	0	0	0	0	0	0	0	0	0	0	0	0	0	0	0	0	0	0	0	0	0	0	0	0	0	0	0	0	0	0	0	0	0	0	0	0
szárnyra	583	501	10	137	6	21	2	10	0	0	0	0	7	0	0	0	0	0	0	0	0	1	0	0	0	0	0	0	0	0	0	0	0	0	0	0	0	0	0	0	0	0	0	0	0	0	0	0	0	0	0	0	0	0	0	0	0	0	0	0	0	0	0	0	0	0	0	0	0	0	0	0	0	0	0	0	0	0	0	0	0	0	0	0	0	0	0	0	0	0	0	0	0	0
küszöbön	499	20	2	6	0	705	0	9	0	0	0	0	2	0	0	0	0	0	0	0	0	0	0	0	0	0	0	0	0	0	0	0	0	0	0	0	0	0	0	0	0	0	0	0	0	0	0	0	0	0	0	0	0	0	0	0	0	0	0	0	0	0	0	0	0	0	0	0	0	0	0	0	0	0	0	0	0	0	0	0	0	0	0	0	0	0	0	0	0	0	0	0	0	0
útba	179	227	531	2	26	185	31	7	0	2	1	1	15	0	0	0	0	0	1	0	0	0	0	0	0	0	0	0	0	2	0	0	0	0	0	0	1	0	0	0	0	0	0	0	0	0	0	0	0	0	0	0	0	0	0	0	0	0	0	0	0	0	0	0	0	0	0	0	0	0	0	0	0	0	0	0	0	0	0	0	0	0	0	0	0	0	0	0	0	0	0	0	0	0
vízre	20	799	305	40	5	3	16	0	2	0	4	0	12	0	0	0	0	0	0	0	0	0	0	0	0	0	0	0	0	0	0	0	0	0	0	0	1	0	0	0	0	0	0	0	0	0	0	0	0	0	0	0	0	0	0	0	0	0	0	0	0	0	0	0	0	0	0	0	0	0	0	0	0	0	0	0	0	0	0	0	0	0	0	0	0	0	0	0	0	0	0	0	0	0
széjjel	476	396	16	57	49	19	25	39	0	2	1	1	18	1	0	1	2	0	13	0	0	1	0	0	0	0	0	0	0	4	0	0	2	0	0	0	1	0	0	0	0	0	0	0	0	0	0	0	1	0	0	0	0	0	0	0	0	0	0	0	0	0	0	0	0	0	0	0	0	0	0	0	0	0	0	0	0	0	0	0	0	0	0	0	0	0	0	0	0	0	0	0	0	0
földre	449	88	55	305	12	81	7	76	7	0	1	0	5	0	0	0	0	0	3	0	0	1	0	0	0	0	0	0	0	0	0	0	4	0	0	0	2	0	0	0	0	0	0	0	0	0	0	0	0	0	0	0	0	0	0	0	0	0	0	0	0	0	0	0	0	0	0	0	0	0	0	0	0	0	0	0	0	0	0	0	0	0	0	0	0	0	0	0	0	0	0	0	0	0
kárba	414	502	1	70	25	16	1	0	0	0	0	0	29	1	0	0	0	0	0	1	0	0	0	0	0	0	0	0	0	0	0	0	0	0	0	0	0	0	0	0	0	0	0	0	0	0	0	0	0	0	0	0	0	0	0	0	0	0	0	0	0	0	0	0	0	0	0	0	0	0	0	0	0	0	0	0	0	0	0	0	0	0	0	0	0	0	0	0	0	0	0	0	0	0
ágyba	491	217	121	17	89	25	27	12	0	1	8	0	15	0	0	2	0	0	0	0	0	0	0	0	0	0	0	2	0	0	1	0	0	1	0	0	0	0	0	0	0	0	0	0	0	0	0	0	0	0	0	0	0	0	0	0	0	0	0	0	0	0	0	0	0	0	0	0	0	0	0	0	0	0	0	0	0	0	0	0	0	0	0	0	0	0	0	0	0	0	0	0	0	0
földhöz	513	120	18	99	19	17	15	17	0	0	0	29	12	68	0	0	3	0	2	0	0	0	0	10	0	0	0	1	71	0	0	0	1	0	0	0	0	0	0	0	0	1	0	0	0	0	0	0	0	0	0	0	0	0	0	0	0	0	0	0	0	0	0	0	0	0	0	0	0	0	0	0	0	0	0	0	0	0	0	0	0	0	0	0	0	0	0	0	0	0	0	0	0	0
nyakon	488	208	20	41	48	2	21	123	0	6	0	0	11	0	0	1	8	0	7	0	0	0	0	0	0	0	0	0	0	0	0	0	0	0	0	0	1	0	0	0	0	0	0	0	0	0	0	0	0	0	0	0	0	0	0	0	0	0	0	0	0	0	0	0	0	0	0	0	0	0	0	0	0	0	0	0	0	0	0	0	0	0	0	0	0	0	0	0	0	0	0	0	0	0
ringbe	450	423	12	5	33	50	8	1	0	0	0	0	2	0	0	0	0	0	0	0	0	0	0	0	0	0	0	0	0	1	0	0	0	0	0	0	0	0	0	0	0	0	0	0	0	0	0	0	0	0	0	0	0	0	0	0	0	0	0	0	0	0	0	0	0	0	0	0	0	0	0	0	0	0	0	0	0	0	0	0	0	0	0	0	0	0	0	0	0	0	0	0	0	0
zokon	514	399	0	2	15	1	6	4	0	1	0	0	37	0	0	4	0	0	0	0	0	0	0	0	0	0	0	0	0	0	0	0	0	0	0	0	0	0	0	0	0	0	0	0	0	0	0	0	0	1	0	0	0	0	0	0	0	0	0	0	0	0	0	0	0	0	0	0	0	0	0	0	0	0	0	0	0	0	0	0	0	0	0	0	0	0	0	0	0	0	0	0	0	0
síkra	246	655	5	14	12	20	14	6	0	0	0	0	5	0	0	0	0	0	0	0	0	0	0	0	0	0	0	0	0	0	0	0	0	0	0	0	0	0	0	0	0	0	0	0	0	0	0	0	0	0	0	0	0	0	0	0	0	0	0	0	0	0	0	0	0	0	0	0	0	0	0	0	0	0	0	0	0	0	0	0	0	0	0	0	0	0	0	0	0	0	0	0	0	0
élen	129	214	11	2	6	509	49	1	0	0	28	2	3	1	0	0	1	0	0	0	0	0	0	6	0	0	0	0	0	0	0	0	0	0	0	0	1	0	0	0	0	0	0	0	0	0	0	0	0	0	0	0	0	0	0	0	0	0	0	0	0	0	0	0	0	0	0	0	0	0	0	0	0	0	0	0	0	0	0	0	0	0	0	0	0	0	0	0	0	0	0	0	0	0
világgá	436	343	22	10	37	10	33	9	0	1	0	0	17	0	0	0	1	0	0	0	0	0	0	0	0	0	0	0	0	0	0	0	0	0	0	0	2	0	0	0	0	0	0	0	0	0	0	0	0	0	0	0	0	0	0	0	0	0	0	0	0	0	0	0	0	0	0	0	0	0	0	0	0	0	0	0	0	0	0	0	0	0	0	0	0	0	0	0	0	0	0	0	0	0
arcul	424	47	396	4	12	10	3	7	0	0	0	2	10	0	0	0	1	0	0	0	0	0	0	0	1	0	0	0	0	0	0	0	0	0	0	0	0	0	0	0	0	0	0	0	0	0	0	0	0	0	0	0	0	0	0	0	0	0	0	0	0	0	0	0	0	0	0	0	0	0	0	0	0	0	0	0	0	0	0	0	0	0	0	0	0	0	0	0	0	0	0	0	0	0
odább/odébb	441	272	5	17	51	4	75	4	0	1	1	0	29	0	0	0	0	0	2	0	0	0	0	0	0	0	0	0	0	1	3	0	0	1	0	0	1	0	0	0	0	0	0	0	0	0	0	0	0	0	0	0	0	0	0	0	0	0	0	0	0	0	0	0	0	0	0	0	0	0	0	0	0	0	0	0	0	0	0	0	0	0	0	0	0	0	0	0	0	0	0	0	0	0
latba	253	218	54	1	32	5	72	240	0	2	0	0	2	0	0	0	2	0	0	0	0	0	0	0	0	0	0	0	0	0	0	0	1	0	0	0	0	0	0	0	0	0	0	0	0	0	0	0	0	0	0	0	0	0	0	0	0	0	0	0	0	0	0	0	0	0	0	0	0	0	0	0	0	0	0	0	0	0	0	0	0	0	0	0	0	0	0	0	0	0	0	0	0	0
részre	4	0	638	0	0	143	0	0	0	0	0	68	0	4	0	0	0	0	0	0	0	0	6	0	0	1	0	0	3	0	0	2	0	0	0	0	0	0	2	0	0	0	0	0	0	0	0	0	0	0	0	0	0	0	0	0	0	0	0	0	0	0	0	0	0	0	0	0	0	0	0	0	0	0	0	0	0	0	0	0	0	0	0	0	0	0	0	0	0	0	0	0	0	0
szemre	325	7	310	11	113	16	5	18	17	14	3	1	0	0	0	0	0	0	0	1	0	0	0	0	22	0	0	0	0	0	0	0	1	1	0	0	1	0	0	0	0	0	0	0	0	0	0	0	0	0	0	0	0	0	0	0	0	0	1	0	0	0	0	0	0	0	0	0	0	0	0	0	0	0	0	0	0	0	0	0	0	0	0	0	0	0	0	0	0	0	0	0	0	0
lábra	318	91	130	28	118	3	127	31	0	2	1	0	11	0	0	0	0	0	1	0	0	0	0	0	0	0	0	0	0	0	0	0	1	3	0	0	1	0	0	0	0	0	0	0	0	0	0	0	0	0	0	0	0	0	0	0	0	0	0	0	0	0	0	0	0	0	0	0	0	0	0	0	0	0	0	0	0	0	0	0	0	0	0	0	0	0	0	0	0	0	0	0	0	0
mennybe	97	10	5	6	7	6	3	0	727	0	0	0	4	0	0	0	0	0	0	0	0	0	0	0	0	0	0	0	0	0	0	0	0	0	0	0	0	0	0	0	0	0	0	0	0	0	0	0	0	0	0	0	0	0	0	0	0	0	0	0	0	0	0	0	0	0	0	0	0	0	0	0	0	0	0	0	0	0	0	0	0	0	0	0	0	0	0	0	0	0	0	0	0	0
szörnyet	763	36	3	49	1	0	4	2	0	0	0	0	3	0	0	0	0	0	0	0	0	0	0	0	0	0	0	0	0	0	0	0	0	0	0	0	0	0	0	0	0	0	0	0	0	0	0	0	0	0	0	0	0	0	0	0	0	0	0	0	0	0	0	0	0	0	0	0	0	0	0	0	0	0	0	0	0	0	0	0	0	0	0	0	0	0	0	0	0	0	0	0	0	0
gúzsba	311	115	47	83	19	79	8	123	0	1	0	1	2	15	0	0	14	0	25	0	0	0	0	0	0	0	0	0	0	0	0	0	0	0	0	0	0	0	0	0	0	3	0	0	0	0	0	0	0	0	0	0	0	0	0	0	0	0	0	0	0	0	0	0	0	0	0	0	0	0	0	0	0	0	0	0	0	0	0	0	0	0	0	0	0	0	0	0	0	0	0	0	0	0
főbe	506	124	84	7	26	4	22	6	0	1	0	2	14	0	0	0	0	0	3	15	0	0	0	0	2	0	0	0	0	0	0	0	0	0	0	0	1	0	0	0	0	0	0	0	0	0	0	0	0	0	0	0	0	0	0	0	0	0	0	0	0	0	0	0	0	0	0	0	0	0	0	0	0	0	0	0	0	0	0	0	0	0	0	0	0	0	0	0	0	0	0	0	0	0
rabul	485	177	13	23	20	39	3	9	0	1	0	0	5	0	0	0	1	0	2	0	0	0	0	0	0	0	0	0	0	1	0	0	0	0	0	0	0	0	0	0	0	0	0	0	0	0	0	0	0	0	0	0	0	0	0	0	0	0	0	0	0	0	0	0	0	0	0	0	0	0	0	0	0	0	0	0	0	0	0	0	0	0	0	0	0	0	0	0	0	0	0	0	0	0
lényegre	5	0	15	0	0	518	0	3	0	0	0	196	0	4	0	0	0	0	0	0	0	0	0	1	0	0	0	0	29	0	0	0	0	0	0	0	0	0	0	0	0	0	0	0	0	0	0	0	0	0	0	0	0	0	0	0	0	0	0	0	0	0	0	0	0	0	0	0	0	0	0	0	0	0	0	0	0	0	0	0	0	0	0	0	0	0	0	0	0	0	0	0	0	0
tükörbe	254	202	48	1	50	20	96	81	0	0	2	0	4	0	0	0	0	0	0	0	0	0	0	0	1	0	0	0	0	0	0	1	1	0	1	1	5	0	0	0	0	1	0	0	0	0	0	0	0	0	0	0	0	0	0	0	0	0	0	0	0	0	0	0	0	0	0	0	0	0	0	0	0	0	0	0	0	0	0	0	0	0	0	0	0	0	0	0	0	0	0	0	0	0
mellbe	470	84	21	57	4	29	3	3	0	0	0	57	6	0	0	0	0	0	0	0	0	0	0	7	1	0	0	0	15	0	0	0	0	0	0	0	0	0	0	0	0	0	0	0	0	0	0	0	0	0	0	0	0	0	0	0	0	0	0	0	0	0	0	0	0	0	0	1	0	0	0	0	0	0	0	0	0	0	0	0	0	0	0	0	0	0	0	0	0	0	0	0	0	0
hasba	548	98	22	41	10	7	7	4	0	0	1	1	10	0	0	0	0	0	0	0	0	0	0	0	1	0	0	1	0	0	0	0	0	1	0	0	0	0	0	0	0	0	0	0	0	0	0	0	0	0	0	0	0	0	0	0	0	0	0	0	0	0	0	0	0	0	0	0	0	0	0	0	0	0	0	0	0	0	0	0	0	0	0	0	0	0	0	0	0	0	0	0	0	0
rendre	203	240	137	2	45	32	40	2	0	0	2	12	14	0	0	0	0	0	2	0	0	0	0	0	0	0	0	0	0	1	0	0	0	0	0	2	0	0	1	0	0	0	0	0	0	0	0	0	0	0	0	0	0	0	0	0	0	0	0	0	0	0	0	0	0	0	0	0	0	0	0	0	0	0	0	0	0	0	0	0	0	0	0	0	0	0	0	0	0	0	0	0	0	0
nagyot	49	74	395	3	0	143	38	0	0	0	9	1	3	0	0	0	0	0	0	0	0	0	0	0	1	0	0	1	0	0	0	0	0	0	1	0	1	0	0	0	0	0	0	0	0	0	0	0	0	0	0	0	0	0	0	0	0	0	0	0	0	0	0	0	0	0	0	0	0	0	0	0	0	0	0	0	0	0	0	0	0	0	0	0	0	0	0	0	0	0	0	0	0	0
nyélbe	230	156	86	44	83	11	49	2	0	12	0	0	18	0	0	2	2	0	3	0	0	0	0	0	0	0	0	0	0	0	0	0	0	0	0	0	2	0	0	0	0	0	0	0	0	0	0	0	0	0	0	0	0	0	0	0	0	0	0	0	0	0	0	0	0	0	0	0	0	0	0	0	0	0	0	0	0	0	0	0	0	0	0	0	0	0	0	0	0	0	0	0	0	0
lángba	449	86	17	57	11	24	29	15	0	1	0	0	5	0	0	0	0	0	0	0	0	0	0	0	0	0	0	0	0	0	0	0	1	0	0	0	0	0	0	0	0	0	0	0	0	0	0	0	0	0	0	0	0	0	0	0	0	0	0	0	0	0	0	0	0	0	0	0	0	0	0	0	0	0	0	0	0	0	0	0	0	0	0	0	0	0	0	0	0	0	0	0	0	0
pofon	486	108	27	6	17	0	16	0	0	0	0	1	15	0	0	0	0	0	0	0	0	0	0	0	0	0	0	1	0	0	0	0	0	0	0	0	0	0	0	0	0	0	0	0	0	0	0	0	0	0	0	0	0	0	0	0	0	0	0	0	0	0	0	0	0	0	0	0	0	0	0	0	0	0	0	0	0	0	0	0	1	0	0	0	0	0	0	0	0	0	0	0	0	0
hadba	157	37	407	7	9	19	9	1	0	0	3	0	2	0	0	0	0	0	0	0	0	0	0	0	0	0	0	0	0	0	0	0	3	0	1	0	0	0	0	0	0	0	0	0	0	0	0	0	0	0	0	0	0	0	0	0	0	0	0	0	0	0	0	0	0	0	0	0	0	0	0	0	0	0	0	0	0	0	0	0	0	0	0	0	0	0	0	0	0	0	0	0	0	0
észhez	335	209	13	3	30	2	36	7	0	1	0	0	10	0	0	0	0	0	0	0	0	0	0	0	0	0	0	0	0	0	0	0	0	0	0	1	0	0	0	0	0	0	0	0	0	0	0	0	0	0	0	0	0	0	0	0	0	0	0	0	0	0	0	0	0	0	0	0	0	0	0	0	0	0	0	0	0	0	0	0	0	0	0	0	0	0	0	0	0	0	0	0	0	0
kútba	442	54	23	37	4	0	1	1	0	0	0	1	2	0	0	0	0	0	0	0	0	0	0	0	0	0	0	0	0	0	0	0	0	0	0	0	1	0	0	0	0	0	0	0	0	0	0	0	0	0	0	0	0	0	0	0	0	0	0	0	0	0	0	0	0	0	0	0	0	0	0	0	0	0	0	0	0	0	0	0	0	0	0	0	0	0	0	0	0	0	0	0	0	0
csúcsra	188	28	150	72	18	16	9	43	0	1	2	0	3	1	0	0	9	0	17	0	0	0	0	1	2	0	0	0	0	0	0	0	0	0	0	0	0	0	0	0	0	0	0	0	0	0	0	0	0	0	0	0	0	0	0	0	0	0	0	0	0	0	0	0	0	0	0	0	0	0	0	0	0	0	0	0	0	0	0	0	0	0	0	0	0	0	0	0	0	0	0	0	0	0
sárba	178	60	210	12	14	42	8	13	0	0	3	0	1	0	0	0	2	0	0	0	0	0	0	0	0	0	0	0	0	0	0	0	0	0	0	0	0	0	0	0	0	0	0	0	0	0	0	0	0	0	0	0	0	0	0	0	0	0	0	0	0	0	0	0	0	0	0	0	0	0	0	0	0	0	0	0	0	0	0	0	0	0	0	0	0	0	0	0	0	0	0	0	0	0
pofán	318	76	48	3	26	2	32	5	0	0	0	1	10	0	0	0	3	0	0	0	0	0	0	0	2	0	0	2	1	0	0	0	0	1	0	0	0	0	0	0	0	0	0	0	0	0	0	0	0	0	0	0	1	0	0	0	0	0	0	0	0	0	0	0	0	0	0	0	0	0	0	0	0	0	0	0	0	0	0	0	0	0	0	0	0	0	0	0	0	0	0	0	0	0
falra	216	18	18	187	16	6	15	7	0	0	0	0	3	0	0	0	0	0	1	0	0	0	0	0	0	0	0	1	0	0	0	0	0	3	0	0	2	0	0	0	0	0	0	0	0	0	0	0	0	0	0	0	0	0	0	0	0	0	0	0	0	0	0	0	0	0	0	0	0	0	0	0	0	0	0	0	0	0	0	0	0	0	0	0	0	0	0	0	0	0	0	0	0	0
táncra	343	41	3	13	19	11	6	0	0	0	0	0	55	0	0	0	0	0	0	0	0	0	0	0	0	0	1	1	0	0	0	0	0	0	0	0	0	0	0	0	0	0	0	0	0	0	0	0	0	0	0	0	0	0	0	0	0	0	0	0	0	0	0	0	0	0	0	0	0	0	0	0	0	0	0	0	0	0	0	0	0	0	0	0	0	0	0	0	0	0	0	0	0	0
fejen	238	45	43	8	8	9	5	77	0	17	0	1	4	0	0	0	0	0	0	0	0	0	0	0	0	0	0	2	0	0	0	0	0	0	0	2	0	0	0	0	0	0	0	0	0	0	0	0	0	0	0	0	0	0	0	0	0	0	0	0	0	0	0	0	0	0	0	0	0	0	0	0	0	0	0	0	0	0	0	0	0	0	0	0	0	0	0	0	0	0	0	0	0	0
irányt	216	84	0	7	15	18	11	63	0	0	0	1	11	0	0	0	0	0	0	0	0	0	0	0	0	0	0	0	0	0	0	0	0	0	0	0	0	0	0	0	0	0	0	0	0	0	0	0	0	0	0	0	0	0	0	0	0	0	0	0	0	0	0	0	0	0	0	0	0	0	0	0	0	0	0	0	0	0	0	0	0	0	0	0	0	0	0	0	0	0	0	0	0	0
seggbe	175	75	80	2	26	5	21	3	0	0	0	0	6	0	0	0	0	0	5	0	0	0	0	0	3	0	0	0	0	0	0	0	0	0	0	0	1	0	0	0	0	0	0	0	0	0	0	0	0	0	0	0	0	0	0	0	0	0	0	0	0	0	0	0	0	0	0	0	0	0	0	0	0	0	0	0	0	0	0	0	0	0	0	0	0	0	0	0	0	0	0	0	0	0
tőrbe	235	84	22	12	16	2	16	2	0	1	0	0	4	0	0	0	0	0	1	0	0	0	0	0	0	0	0	0	0	0	0	0	0	0	0	0	1	0	0	0	0	0	0	0	0	0	0	0	0	0	0	0	0	0	0	0	0	0	0	0	0	0	0	0	0	0	0	0	0	0	0	0	0	0	0	0	0	0	0	0	0	0	0	0	0	0	0	0	0	0	0	0	0	0
vérig	196	22	2	64	10	8	10	30	0	0	0	2	3	0	0	0	1	0	40	0	0	0	0	0	0	0	0	0	0	0	0	0	0	0	0	0	0	0	0	0	0	1	0	0	0	0	0	0	0	0	0	0	0	0	0	0	0	0	0	0	0	0	0	0	0	0	0	0	0	0	0	0	0	0	0	0	0	0	0	0	0	0	0	0	0	0	0	0	0	0	0	0	0	0
oldalba	256	54	25	8	10	3	9	4	0	0	1	0	11	0	0	0	0	0	0	0	0	0	0	0	1	0	0	2	0	0	0	0	0	0	0	0	0	0	0	0	0	0	0	0	0	0	0	0	0	0	0	0	0	0	0	0	0	0	0	0	0	0	0	0	0	0	0	0	0	0	0	0	0	0	0	0	0	0	0	0	0	0	0	0	0	0	0	0	0	0	0	0	0	0
témába	56	9	0	0	2	301	0	2	0	0	0	4	1	0	0	0	1	0	0	0	0	0	0	0	0	0	0	0	0	0	0	1	0	0	0	0	0	0	0	0	0	0	0	0	0	0	0	0	0	0	0	0	0	0	0	0	0	0	0	0	0	0	0	0	0	0	0	0	0	0	0	0	0	0	0	0	0	0	0	0	0	0	0	0	0	0	0	0	0	0	0	0	0	0
fülön	156	89	18	18	38	4	17	11	0	10	0	0	9	0	0	1	0	0	0	0	0	0	0	0	2	0	0	0	0	0	0	0	0	0	0	0	0	0	0	0	0	0	0	0	0	0	0	0	0	0	0	0	0	0	0	0	0	0	0	0	0	0	0	0	0	0	0	0	0	0	0	0	0	0	0	0	0	0	0	0	0	0	0	0	0	0	0	0	0	0	0	0	0	0
füstbe	287	32	0	38	3	5	1	3	0	0	0	0	0	0	0	0	0	0	0	0	0	0	0	0	0	0	0	0	0	0	0	0	0	0	0	0	0	0	0	0	0	0	0	0	0	0	0	0	0	0	0	0	0	0	0	0	0	0	0	0	0	0	0	0	0	0	0	0	0	0	0	0	0	0	0	0	0	0	0	0	0	0	0	0	0	0	0	0	0	0	0	0	0	0
lóvá	164	22	9	144	12	2	8	2	2	0	0	1	1	0	0	0	1	0	1	0	0	0	0	0	0	0	0	0	0	0	0	0	0	0	0	0	0	0	0	0	0	0	0	0	0	0	0	0	0	0	0	0	0	0	0	0	0	0	0	0	0	0	0	0	0	0	0	0	0	0	0	0	0	0	0	0	0	0	0	0	0	0	0	0	0	0	0	0	0	0	0	0	0	0
szájon	243	56	4	8	4	1	18	0	0	0	0	0	4	0	0	0	0	0	0	0	0	0	0	0	0	0	0	1	0	0	0	0	0	0	0	0	1	0	0	0	0	0	0	0	0	0	0	0	0	0	0	0	0	0	0	0	0	0	0	0	0	0	0	0	0	0	0	0	0	0	0	0	0	0	0	0	0	0	0	0	0	0	0	0	0	0	0	0	0	0	0	0	0	0
tarkón	217	42	33	14	8	0	5	3	0	0	0	0	5	0	0	0	0	0	0	0	0	0	0	0	0	0	0	0	0	0	0	0	0	0	0	0	0	0	0	0	0	0	0	0	0	0	0	0	0	0	0	0	0	0	0	0	0	0	0	0	0	0	0	0	0	0	0	0	0	0	0	0	0	0	0	0	0	0	0	0	0	0	0	0	0	0	0	0	0	0	0	0	0	0
tökön	161	31	41	19	8	3	6	4	0	2	0	0	5	0	0	0	9	0	0	0	0	0	0	0	1	0	0	1	0	0	0	0	0	0	0	0	0	0	0	0	0	0	0	0	0	0	0	0	0	0	0	0	0	0	0	0	0	0	0	0	0	0	0	0	0	0	0	0	0	0	0	0	0	0	0	0	0	0	0	0	0	0	0	0	0	0	0	0	0	0	0	0	0	0
szárba	120	57	51	23	3	28	2	0	0	0	0	0	1	0	0	0	0	0	0	0	0	0	0	0	0	0	0	0	0	0	0	0	0	0	0	0	0	0	0	0	0	0	0	0	0	0	0	0	0	0	0	0	0	0	0	0	0	0	0	0	0	0	0	0	0	0	0	0	0	0	0	0	0	0	0	0	0	0	0	0	0	0	0	0	0	0	0	0	0	0	0	0	0	0
tűzbe	149	64	0	6	14	8	10	6	0	0	0	0	4	0	0	0	0	0	0	0	0	0	0	0	0	0	0	0	0	0	0	0	0	0	0	0	0	0	0	0	0	0	0	0	0	0	0	0	0	0	0	0	0	0	0	0	0	0	0	0	0	0	0	0	0	0	0	0	0	0	0	0	0	0	0	0	0	0	0	0	0	0	0	0	0	0	0	0	0	0	0	0	0	0
égbe	51	8	15	19	3	91	0	2	4	0	0	41	0	0	0	0	0	3	0	0	0	0	0	10	0	0	0	0	8	0	0	0	0	0	0	0	0	0	0	0	0	0	0	0	0	0	0	0	0	0	0	0	0	0	0	0	0	0	0	0	0	0	0	0	0	0	0	0	0	0	0	0	0	0	0	0	0	0	0	0	0	0	0	0	0	0	0	0	0	0	0	0	0	0
tollba	75	68	88	9	4	2	2	0	0	0	3	0	0	0	0	0	0	0	0	0	0	0	0	0	1	0	0	0	0	0	0	0	0	0	0	0	0	0	0	0	0	0	0	0	0	0	0	0	0	0	0	0	0	0	0	0	0	0	0	0	0	0	0	0	0	0	0	0	0	0	0	0	0	0	0	0	0	0	0	0	0	0	0	0	0	0	0	0	0	0	0	0	0	0
hajba	119	63	15	2	23	7	1	1	0	0	0	0	6	0	0	0	0	0	0	0	0	0	0	0	0	0	0	0	0	0	0	0	0	0	0	0	0	0	0	0	0	0	0	0	0	0	0	0	0	0	0	0	0	0	0	0	0	0	0	0	0	0	0	0	0	0	0	0	0	0	0	0	0	0	0	0	0	0	0	0	0	0	0	0	0	0	0	0	0	0	0	0	0	0
padlót	185	27	1	1	3	4	0	0	0	0	0	0	9	0	0	0	0	0	0	0	0	0	0	0	0	0	0	0	0	0	0	0	0	0	0	0	0	0	0	0	0	0	0	0	0	0	0	0	0	0	0	0	0	0	0	0	0	0	0	0	0	0	0	0	0	0	0	0	0	0	0	0	0	0	0	0	0	0	0	0	0	0	0	0	0	0	0	0	0	0	0	0	0	0
kinn	26	98	1	47	8	7	10	1	0	0	0	0	27	1	0	0	0	0	0	0	0	0	0	0	0	0	0	1	0	0	0	0	0	1	0	0	0	0	0	0	0	0	0	0	0	1	0	0	0	0	0	0	0	0	0	0	0	0	0	0	0	0	0	0	0	0	0	0	0	0	0	0	0	0	0	0	0	0	0	0	0	0	0	0	0	0	0	0	0	0	0	0	0	0
görcsbe	159	21	1	26	0	12	0	7	0	0	0	0	0	0	0	0	0	0	1	0	0	0	0	0	0	0	0	0	0	0	0	0	0	0	0	0	0	0	0	0	0	0	0	0	0	0	0	0	0	0	0	0	0	0	0	0	0	0	0	0	0	0	0	0	0	0	0	0	0	0	0	0	0	0	0	0	0	0	0	0	0	0	0	0	0	0	0	0	0	0	0	0	0	0
szemen	107	36	11	35	5	2	4	9	0	0	0	4	1	3	0	0	0	0	0	0	0	0	0	7	0	0	0	0	0	0	0	0	0	0	0	0	0	0	0	0	0	0	0	0	0	0	0	0	0	0	0	0	0	0	0	0	0	0	0	0	0	0	0	0	0	0	0	0	0	0	0	0	0	0	0	0	0	0	0	0	0	0	0	0	0	0	0	0	0	0	0	0	0	0
szénné	120	20	5	55	7	1	3	6	0	0	0	1	2	0	0	0	3	0	1	0	0	0	0	0	0	0	0	0	0	0	0	0	0	0	0	0	0	0	0	0	0	0	0	0	0	0	0	0	0	0	0	0	0	0	0	0	0	0	0	0	0	0	0	0	0	0	0	0	0	0	0	0	0	0	0	0	0	0	0	0	0	0	0	0	0	0	0	0	0	0	0	0	0	0
hegyet	68	28	0	0	60	3	10	5	0	0	0	0	5	0	0	0	1	0	0	0	0	0	0	0	0	0	0	0	0	0	0	0	0	0	0	0	1	0	0	0	0	0	0	0	0	0	0	0	0	0	0	0	0	0	0	0	0	0	0	0	0	0	0	0	0	0	0	0	0	0	0	0	0	0	0	0	0	0	0	0	0	0	0	0	0	0	0	0	0	0	0	0	0	0
szarrá	134	24	0	2	8	0	2	1	0	0	0	0	2	0	0	0	0	0	5	0	0	0	0	0	0	0	0	0	0	0	0	0	0	0	0	0	0	0	0	0	0	0	0	0	0	0	0	0	0	0	0	0	0	0	0	0	0	0	0	0	0	0	0	0	0	0	0	0	0	0	0	0	0	0	0	0	0	0	0	0	0	0	0	0	0	0	0	0	0	0	0	0	0	0
porba	72	16	20	7	3	6	0	8	0	0	0	0	1	0	0	0	0	0	1	0	0	0	0	0	0	0	0	0	0	0	0	0	0	0	0	0	1	0	0	0	0	0	0	0	0	0	0	0	0	0	0	0	0	0	0	0	0	0	0	0	0	0	0	0	0	0	0	0	0	0	0	0	0	0	0	0	0	0	0	0	0	0	0	0	0	0	0	0	0	0	0	0	0	0
torkon	84	18	7	3	3	4	0	2	0	1	0	0	3	0	0	0	0	0	0	0	0	0	0	0	0	0	0	0	0	0	0	0	0	0	0	0	0	0	0	0	0	0	0	0	0	0	0	0	0	0	0	0	0	0	0	0	0	0	0	0	0	0	0	0	0	0	0	0	0	0	0	0	0	0	0	0	0	0	0	0	0	0	0	0	0	0	0	0	0	0	0	0	0	0
seggre	58	7	13	0	4	1	5	1	0	0	0	0	1	0	0	0	0	0	0	0	0	0	0	0	0	0	0	1	0	0	0	0	0	0	0	0	0	0	0	0	0	0	0	0	0	0	0	0	0	0	0	0	0	0	0	0	0	0	0	0	0	0	0	0	0	0	0	0	0	0	0	0	0	0	0	0	0	0	0	0	0	0	0	0	0	0	0	0	0	0	0	0	0	0
utat	41	26	0	0	5	0	2	0	0	0	0	0	4	0	0	0	0	0	0	0	0	0	0	0	0	0	0	0	0	0	0	0	1	0	0	0	1	0	0	0	0	0	0	0	0	0	0	0	0	0	0	0	0	0	0	0	0	0	0	0	0	0	0	0	0	0	0	0	0	0	0	0	0	0	0	0	0	0	0	0	0	0	0	0	0	0	0	0	0	0	0	0	0	0
kupán	48	18	3	2	1	0	3	1	0	0	0	0	3	0	0	0	0	0	0	0	0	0	0	0	0	0	0	0	0	0	0	0	0	0	0	0	0	0	0	0	0	0	0	0	0	0	0	0	0	0	0	0	0	0	0	0	0	0	0	0	0	0	0	0	0	0	0	0	0	0	0	0	0	0	0	0	0	0	0	0	0	0	0	0	0	0	0	0	0	0	0	0	0	0
helybe	59	12	1	2	2	0	1	0	0	0	0	0	0	0	0	0	0	0	0	0	0	0	0	0	0	0	0	0	0	0	0	0	1	0	0	0	0	0	0	0	0	0	0	0	0	0	0	0	0	0	0	0	0	0	0	0	0	0	0	0	0	0	0	0	0	0	0	0	0	0	0	0	0	0	0	0	0	0	0	0	0	0	0	0	0	0	0	0	0	0	0	0	0	0
csonttá	17	3	0	17	0	1	0	5	0	0	0	1	0	0	0	0	0	0	0	0	0	0	0	0	0	0	0	0	0	0	0	0	0	0	0	0	0	0	0	0	0	0	0	0	0	0	0	0	0	0	0	0	0	0	0	0	0	0	0	0	0	0	0	0	0	0	0	0	0	0	0	0	0	0	0	0	0	0	0	0	0	0	0	0	0	0	0	0	0	0	0	0	0	0
